codes,wav_codes
1571,18364304999177638601.wav
1576,3612726185408671933.wav
1603,4275461802125562475.wav
1655,11128800020357144004.wav
1522,7749003704635334718.wav
1651,11115080446828073655.wav
1585,16211808047053899094.wav
1585,14502892418138062631.wav
1639,9614643849796556084.wav
1606,17547037462434664782.wav
1590,13833483275561812787.wav
1552,3970193737736406096.wav
1645,737578180799967937.wav
1596,10909949444931211515.wav
1561,10270431525105329521.wav
1528,1280309695090590342.wav
1652,1882444900387216596.wav
1576,18316006411456302439.wav
1543,9015031156023043273.wav
1601,15900274652463785481.wav
1531,14175152002305158442.wav
1550,6554494156947366304.wav
1586,15131615866476506974.wav
1587,9763503986265847391.wav
1598,13390101811941733160.wav
1621,9723927236402382971.wav
1597,5798466857397013891.wav
1545,15883666261947611975.wav
1552,617268990613828498.wav
1651,15666370524858579525.wav
1615,17314308980141977256.wav
1555,13578757905161481238.wav
1649,1837883279898417717.wav
1614,15728641159972785287.wav
1621,10442244724198740907.wav
1555,10779906859699157578.wav
1569,12397684804151008167.wav
1517,11474807980425709147.wav
1521,7034824064364032703.wav
1515,11457528576340990449.wav
1605,13295007963009850760.wav
1636,3435614951315207007.wav
1551,13104413301882133833.wav
1610,9458659270374813472.wav
1648,5661887904871403057.wav
1560,10718956023364452438.wav
1616,10640535006653057555.wav
1631,8559193417051022501.wav
1540,11034267515857449679.wav
1590,12937138404817402023.wav
1567,1429199891365757986.wav
1556,17241404599223079899.wav
1590,1454074342028860837.wav
1522,2206461015650681139.wav
1578,14638798772962809833.wav
1653,645860764391770470.wav
1534,9567208261663653233.wav
1584,5611604541681319819.wav
1625,3638150585912338152.wav
1537,14686257687856163073.wav
1630,4166981283743399408.wav
1514,16541238819832622059.wav
1631,10409567983529131284.wav
1558,6092330520460842106.wav
1532,2684459094609147561.wav
1611,7371753752844629976.wav
1652,2832812913604718524.wav
1549,2017088074401971838.wav
1547,529791402524424058.wav
1640,6605758686084762525.wav
1583,6328313671410824359.wav
1523,5605359524161129576.wav
1639,11510959153338686487.wav
1553,17261675700914178648.wav
1529,14621870524886227339.wav
1531,15309661184256991534.wav
1592,1489938157815978059.wav
1598,14209713378507107669.wav
1643,3340380113675671534.wav
1551,2000129099353315110.wav
1595,2936322578708117268.wav
1646,4354718807686148118.wav
1561,6432277692300907914.wav
1577,14164060533808319125.wav
1522,1907741328592672024.wav
1557,2813086493970412953.wav
1650,5764212893802944024.wav
1618,78356692348720633.wav
1588,13194284164513719457.wav
1563,11632217545122125176.wav
1546,123093197265689784.wav
1526,12008880782207625638.wav
1650,3550129068029801117.wav
1598,10601572088898104970.wav
1519,16027927498394347927.wav
1549,17160276624470315930.wav
1537,18268718892290145050.wav
1542,379294024678694606.wav
1512,9748775812644967282.wav
1607,1068068907861171279.wav
1603,15972549633589778447.wav
1534,8019067177475744085.wav
1607,6852683588491109600.wav
1608,8687049153689347417.wav
1540,1646032660212774067.wav
1574,1652799368270709427.wav
1527,4994828036952692989.wav
1599,10461942282842981790.wav
1584,1326235437501258776.wav
1599,2450510615761169407.wav
1514,4700495576836570692.wav
1640,11280915670299674622.wav
1587,262589605644659320.wav
1568,2376170941834990300.wav
1604,2766685959976747746.wav
1518,17896664567162356889.wav
1626,1248874507307434575.wav
1584,12729057752624299217.wav
1550,8483156856449114341.wav
1623,4294075844107395739.wav
1537,1906698223348195064.wav
1558,8421323924555121017.wav
1570,4360808933740398087.wav
1545,2088772532371430482.wav
1539,265966953182655059.wav
1572,3636375984142712312.wav
1575,14153835847365638989.wav
1547,5533343697729670229.wav
1558,5005236302631430529.wav
1641,16663293902291969655.wav
1572,4927289072007079354.wav
1562,7796237372830935506.wav
1521,4318621554096968678.wav
1544,13715191123212764133.wav
1622,5010189840855165900.wav
1600,4534806924792822317.wav
1539,17182512265544992193.wav
1594,15696662709297506157.wav
1545,11744527055215138604.wav
1597,6435784335374053326.wav
1657,1317128006179753461.wav
1528,7716665252290123552.wav
1602,3433512278727676112.wav
1603,3378944480595452845.wav
1579,3015981016448053277.wav
1577,15292467856951400241.wav
1591,17016063163123821890.wav
1631,3790613911539776510.wav
1611,17784080719843312000.wav
1644,10229295588311841863.wav
1656,4073593290727978908.wav
1654,17837150531793609675.wav
1606,7310844888501573403.wav
1565,8717980996639795853.wav
1533,10514055212061494969.wav
1541,11455355694135623696.wav
1533,2077348640704186384.wav
1634,17373361855263055021.wav
1571,10753896742534663047.wav
1615,2631847959391435151.wav
1530,15294810497912003202.wav
1563,1219700853423853783.wav
1630,3900527910925513472.wav
1636,5176783960523636038.wav
1523,8929210396067146672.wav
1612,5845214194401100930.wav
1658,16956868405473044884.wav
1525,16694163055210273925.wav
1594,14256135468993033259.wav
1571,14909228222218762406.wav
1532,7955485603539167964.wav
1629,6782566210664289306.wav
1515,15591648248225585075.wav
1581,16143556697852049595.wav
1638,13465421097594942532.wav
1657,17269027702658762106.wav
1596,342688740916906188.wav
1656,15357558787906002104.wav
1554,556426272898324751.wav
1552,5570374100548498862.wav
1611,4962979522859697887.wav
1510,16165289176178836698.wav
1544,14591208838178565080.wav
1621,15667727313468520574.wav
1642,14301673938313000735.wav
1648,13671777662799267246.wav
1658,4366208741166822833.wav
1548,7580267430378604762.wav
1519,1817675267916683717.wav
1511,5301542748659696477.wav
1599,13148814948530900395.wav
1524,16206839048843919787.wav
1632,1508668831681320596.wav
1607,17722176457705925039.wav
1547,8899100489226573516.wav
1567,13336117951110851553.wav
1592,5370271423770788661.wav
1582,2817923288191541419.wav
1632,16631878747588138170.wav
1625,127547821399371862.wav
1646,10639153685494520430.wav
1648,2507657245295716976.wav
1572,4071599601582085645.wav
1613,2208057098385105864.wav
1555,12805087813443429513.wav
1574,1932879160433454858.wav
1513,4321975604114602114.wav
1635,11197813122609265305.wav
1576,9524504335725750172.wav
1544,10232827384701487425.wav
1635,10256197264036976693.wav
1512,8678946001079560558.wav
1532,3927368887859913587.wav
1593,5513643135087984685.wav
1543,9391563313514319319.wav
1538,14377350140149749060.wav
1542,15709221279419163278.wav
1561,1153587582415937949.wav
1566,985467128507225874.wav
1624,18286145505772550593.wav
1617,14281344635269730149.wav
1531,10339165458009681545.wav
1645,12615312579350377269.wav
1553,10870432925174026795.wav
1517,1737120663724514880.wav
1587,1136908823578381036.wav
1527,15455551941249294791.wav
1609,16882420451474354363.wav
1582,5322768688254148341.wav
1546,6539598517121635780.wav
1638,2340625427262745721.wav
1636,10589170176116337032.wav
1593,15658826165418661846.wav
1593,1459300585362763787.wav
1560,4987740959142082949.wav
1589,9770170370402753878.wav
1642,15805618710598524493.wav
1656,4640911379616128125.wav
1634,7056019337188760893.wav
1633,15107643868426320059.wav
1530,1546837736853312872.wav
1592,6033225522893344218.wav
1518,15776917744528321093.wav
1619,2738356083899485985.wav
1620,5690125331754223577.wav
1514,17400131918196436724.wav
1635,13174343874130804419.wav
1541,1705637400367892890.wav
1581,10929752156850347102.wav
1622,12237694754674257470.wav
1578,10650408327098762339.wav
1597,11843160915594265654.wav
1643,4253716321896348564.wav
1546,9945934653035614842.wav
1554,1836442149555963222.wav
1642,9982887249846052469.wav
1626,18152105101990900390.wav
1619,1878841091711013516.wav
1569,2841244414712317428.wav
1570,8308224923018134280.wav
1591,13203847710285800639.wav
1634,4948979667163632807.wav
1644,8510396701450857676.wav
1589,11993001045284414385.wav
1573,2586608659726438020.wav
1528,8349889116003348353.wav
1619,4987739831740641626.wav
1623,15631420337787138650.wav
1581,3586023172922838698.wav
1641,8307284633068305720.wav
1580,15008167279255964149.wav
1658,3350586199613656719.wav
1583,4024008498281713459.wav
1629,2168469466706258109.wav
1562,16561650680247257250.wav
1601,4980576111850777058.wav
1610,8316448388285275291.wav
1622,5095706136148581542.wav
1549,15596210786413141857.wav
1517,17871489733561655334.wav
1627,8187753299335308408.wav
1646,17258445458318942722.wav
1615,18155402355692776425.wav
1536,16824973834052115415.wav
1609,5233856762578212977.wav
1518,13794806403338983935.wav
1527,16941859714880852419.wav
1659,8752903253327465836.wav
1569,18215810251100962237.wav
1594,449439719061627323.wav
1582,3811289960501501767.wav
1513,3374836884974679780.wav
1574,11868418757186704199.wav
1510,7240327649614296420.wav
1525,429280879898309929.wav
1557,3986158324676230.wav
1564,6913676439211301733.wav
1519,204837696942219146.wav
1651,12028535151041484268.wav
1639,13350213791960395992.wav
1654,16207790129921616765.wav
1550,7097162353407947274.wav
1628,3517873431554263982.wav
1543,17315989626882624777.wav
1564,2571271044439482536.wav
1633,11790196874003162865.wav
1612,4398400440192436500.wav
1548,16055170000865462251.wav
1659,15607848472456929301.wav
1652,424730316252822179.wav
1559,14974226329443830707.wav
1512,15040597641626920079.wav
1605,9112403948761162099.wav
1624,15155999789725671862.wav
1534,12385486871074568671.wav
1655,11242944656583651200.wav
1588,14073094418953024782.wav
1559,1166359256170675166.wav
1564,4468962326726730687.wav
1526,3538715420418524337.wav
1626,9884828613267246758.wav
1586,11627096450721235596.wav
1566,10631220053975992999.wav
1623,10105741974673023255.wav
1588,16797817563672050277.wav
1525,506770639475784910.wav
1649,8055113772696685400.wav
1520,5688754775859394993.wav
1625,14324896965590361957.wav
1610,4819567034960910232.wav
1614,3374407793463141195.wav
1647,5470732355968895667.wav
1510,8385439840878572526.wav
1644,7240572994399764065.wav
1654,16938695837497659342.wav
1540,16730244354251105731.wav
1566,899743746899531194.wav
1575,4877042952801345013.wav
1606,16296883504188294955.wav
1579,2621001139316421556.wav
1616,17762515862980749174.wav
1578,13874640292734932113.wav
1649,7447580151188270433.wav
1586,3722307167769079652.wav
1600,8501211033993369169.wav
1608,2870993255596040050.wav
1595,7968157471157572673.wav
1516,12593903025083826925.wav
1568,16302127550312741320.wav
1536,4742242715407198318.wav
1556,15058970469090158450.wav
1608,12812412939462334270.wav
1601,1750190384435268355.wav
1541,13443549825062077630.wav
1624,7215544543765726074.wav
1645,731972998752228883.wav
1602,16262612301349835289.wav
1633,1183579188766736591.wav
1526,13041124581102130793.wav
1548,15599619280952645053.wav
1653,5192052332409670314.wav
1515,13376926505862167537.wav
1554,5696242433304983868.wav
1612,4892384029541017425.wav
1536,5800676820580306606.wav
1511,4414790696351176255.wav
1535,4356739249987092849.wav
1563,2097672537520297060.wav
1570,11601475153256065489.wav
1513,4845804513207861228.wav
1521,16956676821210437574.wav
1530,13468377600243200899.wav
1655,10683427350944567846.wav
1992,1211831009418630525.wav
1825,12127118334458852404.wav
1956,17811546511635952024.wav
1676,5934143598244896925.wav
1961,9437817481572571779.wav
1787,2782057474007593100.wav
1815,3296505971185049415.wav
1992,8590928179360999744.wav
1776,13487525807318297121.wav
1975,18011410809098397596.wav
1918,13871963685686168470.wav
1696,16376837640212356494.wav
1929,597957759874817642.wav
1948,17740656042541278347.wav
1987,4442443094963383047.wav
1690,13084194929006561738.wav
1706,17280743586600214419.wav
1782,7395365309757920037.wav
1693,15799590202561385866.wav
1705,15193925179154140752.wav
1798,11815810105585629489.wav
1878,13789788666641396476.wav
1710,15793193414818746014.wav
1753,9773528348478698708.wav
1778,812231242952027094.wav
1772,8361944083548949775.wav
1709,15221706792633650837.wav
1664,16845203236442422855.wav
1912,9985558709060534166.wav
1667,9570840323288922380.wav
1909,1629243425409873116.wav
1766,8742198927238206144.wav
1687,13128467251960030845.wav
1998,148697395184867068.wav
1962,11755765312115758326.wav
1729,3094192148850612622.wav
1757,9778716387910611452.wav
1785,684921399193308106.wav
1735,6070624230714995840.wav
1932,1984970572473936830.wav
1751,11157659648886867246.wav
1838,7778474868991082911.wav
2006,15548041402579643130.wav
1991,14493429469505438052.wav
1698,8775008724390253274.wav
1701,4680489580145438899.wav
1850,14451891197403176810.wav
1868,16839218925564862916.wav
1678,7189101760559016378.wav
1660,15424741834373706310.wav
1797,16511576556783252497.wav
1801,6824276072680241238.wav
1783,4233130336804153626.wav
1844,8768634962923224101.wav
1828,5848353067204504152.wav
1959,5829224845899286057.wav
1731,5670220539412938778.wav
1756,16166605346757759139.wav
1830,15713746371999757149.wav
1843,12349328085955210624.wav
1732,10492180655284660774.wav
1717,13086554989121913098.wav
1980,11749858289853732440.wav
1890,8816165555109254013.wav
1819,7600033095264102914.wav
1750,9417676944088204203.wav
1792,10015420708072669120.wav
1683,6623140324805940891.wav
1877,15808714587424767438.wav
1776,12927898734122157551.wav
1680,17191330460169507445.wav
1712,8458035414990650504.wav
1797,13969441605165545000.wav
1821,4349135402594591195.wav
1857,12067430566803722128.wav
1986,15246360601390463779.wav
1766,15179576902723953316.wav
1765,7513774994143423859.wav
1979,18412661288916981658.wav
1800,11339904476668309411.wav
1959,9813856428162899411.wav
1688,15643075651420476349.wav
1676,13755381862545891699.wav
1817,3416644103419517567.wav
2004,13643297813521340304.wav
1808,16405649845815215486.wav
1804,4302968592801758690.wav
1858,364775093948954031.wav
1879,4449395172841290588.wav
1903,6540157057752172399.wav
1731,3984260938922389680.wav
1874,4486642945283301010.wav
1905,15659766761762294332.wav
1799,14605137701861114728.wav
1714,16229939087892467511.wav
1793,1109467191123405578.wav
1900,12909342128023294885.wav
1897,1931617703263278952.wav
1827,9603746616489754187.wav
2000,3409069749684876616.wav
1942,11813986263497067890.wav
1988,11390526111098559948.wav
1975,15014599734330545240.wav
1834,12320148731671184289.wav
1995,6488741818703035418.wav
1821,15396950511742752381.wav
1693,9140089574684235938.wav
1832,9734588464284380613.wav
1795,1820028176716495089.wav
1974,4707539774130797944.wav
1760,8277257704130759267.wav
1665,2509080635135534396.wav
1682,14271061175186549103.wav
1744,1152282249128696279.wav
1746,14204956286657255686.wav
1662,8975135163868008147.wav
1976,14996689263853124442.wav
1801,8632093419130591859.wav
1958,240132210819960447.wav
1982,10477962791007948390.wav
1902,9690947409937866001.wav
1881,13716141321785744682.wav
1810,11010795870270609298.wav
1828,11925189026733154504.wav
1938,15872251231987861295.wav
1902,8984584548068584801.wav
1804,14443944745083116029.wav
1725,3447895036743155196.wav
1960,16563366158979681431.wav
1685,15863917474440756255.wav
1950,2056754061055767999.wav
1905,9047024046908382192.wav
1741,9101164350178204306.wav
1721,14578049771211548249.wav
1839,8180906179056355416.wav
1826,17559280123944755580.wav
1970,3954238467030775143.wav
1694,12282115291976893094.wav
1770,3764259525303911832.wav
1929,12593636299868379.wav
1759,3408061477507613894.wav
1817,5317334454355026116.wav
1708,11227922192151392226.wav
1985,942543673765352652.wav
1794,5848818845497963109.wav
1672,10265284731185110799.wav
1852,10367238297771483490.wav
1997,16792309882161227316.wav
1692,8876108468653805294.wav
1844,5822753051032514651.wav
1921,15629084373374171514.wav
1764,9443335323681038700.wav
1666,10072241588933076862.wav
1863,10508356059066935692.wav
1928,17374407601478922660.wav
1782,15298878551251580122.wav
1661,2250810680023715496.wav
1899,2509606115885453077.wav
1930,5479833402523153873.wav
2005,11744153157513623842.wav
1884,7389200587265006145.wav
1835,17750527529788840736.wav
1953,14516850308917653491.wav
1876,16717958495005766956.wav
1667,507137323251733337.wav
1943,5541457809155141632.wav
1710,16781590760860473629.wav
1991,3768085187791980938.wav
1818,9646531899323625391.wav
1699,15140409662775495448.wav
1976,11585899890579104256.wav
1668,13164875636735705395.wav
1938,15200751889681146206.wav
1723,1928230373386270019.wav
1924,8320267994141784943.wav
1825,2999570304706077074.wav
1928,11361049633045339802.wav
1712,7866935573351993249.wav
1664,5089777864327061059.wav
1893,8038130874321762081.wav
1686,17639350511034896590.wav
1836,16994512103898776501.wav
1709,12654875785692597125.wav
1663,9885186268631833648.wav
1786,13833931150248723882.wav
1919,11721920966211826712.wav
1775,14071723180666975093.wav
1762,17743156311529372614.wav
1781,11103191651936888278.wav
1860,9366268600040591477.wav
1740,10406373928837348332.wav
1729,15749354932726915784.wav
1724,13438225715790713376.wav
1888,16879833925859512390.wav
1846,8850545237650977251.wav
1761,12040996578415300947.wav
1774,8645630362455586850.wav
1892,8105166784015461770.wav
1886,8077437742434371275.wav
1936,7646910322994452734.wav
1910,10982058931182859016.wav
1772,6899952063479816195.wav
2007,248471187545426076.wav
1780,4213591741027285476.wav
1663,9464772926689181717.wav
1743,8585459619728921888.wav
1867,8441853866290441810.wav
1840,36746169222973693.wav
1802,6904470068971740180.wav
1814,1518049373256342894.wav
1951,7841195835878281968.wav
1742,6326443406491805213.wav
1904,15001425040514909220.wav
1944,15419539021787829827.wav
1848,18285618859825720189.wav
1781,11178209073231926479.wav
1796,4394686197986852052.wav
1875,17182069236126936377.wav
1789,14407231097737806491.wav
1791,8185963128273001757.wav
1720,7917979343031630481.wav
1721,16989398024822917306.wav
1971,6595442574979752433.wav
1726,7339399181198455870.wav
1949,14714936363394630115.wav
1771,10151944176129497809.wav
1873,3647398625028329471.wav
1734,746018015198125899.wav
1981,15243697810407988957.wav
1800,10170056955437280049.wav
1673,4829772736114401224.wav
1923,2253119408418465649.wav
1777,5027652697684824507.wav
1794,16120630440148930412.wav
1931,496426812657170208.wav
1730,14186976436587659670.wav
1969,5749890187789048151.wav
1939,5611287105879353925.wav
1922,5183403459015542242.wav
1670,7511944448739422016.wav
1917,11417526991099132720.wav
1867,11673401771200146144.wav
1865,12732699321044633249.wav
1997,17911793367425275865.wav
1831,9057031140315500165.wav
1671,12190429909482538170.wav
1715,13995708644069740262.wav
1665,13310902700975163218.wav
1878,10736451118410957295.wav
1788,13218127334909310105.wav
1707,8310625340697769872.wav
1809,3898306752495098793.wav
1861,10431271162503376039.wav
1965,457836221131176017.wav
2009,16641582406257179208.wav
1807,6653156519523540264.wav
1702,14905622566806332862.wav
1747,1598506241813705063.wav
1876,10919902254069892748.wav
1835,12183657339166169827.wav
1973,3934599057439004421.wav
1755,10555982178268372892.wav
1705,10956713394046270821.wav
1681,9391820232392498501.wav
1700,11430678970376456101.wav
1999,809206326947205371.wav
1707,15628216081653116575.wav
1834,12166938650565952101.wav
1884,893798301577540332.wav
1845,13666757849386478413.wav
1696,12679533081912096515.wav
1945,13458635184390188045.wav
1996,13067504146152014387.wav
1700,7942091176427523191.wav
1664,14870711765460443534.wav
1993,4889668890633349432.wav
1974,13415181045000745362.wav
1777,16706457705479062668.wav
1911,1075365502858893792.wav
1961,2411212010078366358.wav
1734,3813419556770420479.wav
1924,15510047822541591228.wav
1813,3803472667023104226.wav
1891,11168727768279127482.wav
1688,8528313579306979937.wav
1964,16237172692941004425.wav
1947,15293856191114915474.wav
1754,16564476019240288335.wav
1805,10756045276911415321.wav
1923,9599150610072688359.wav
1722,7445086935336096638.wav
1853,6091419974857039095.wav
1726,17473770574721855555.wav
1900,11869715128659673867.wav
1697,9001925056914265197.wav
1854,8260248828104080476.wav
1963,13483105044935050916.wav
1746,18252226810558657904.wav
1899,15706478129072179547.wav
1882,17482485160251891549.wav
2003,4572348126020822399.wav
1689,15349236552920776740.wav
1811,9086037953312299267.wav
1841,10514693308136502515.wav
1768,9422347075376631867.wav
1870,9885044525609880621.wav
1946,14938474955672815291.wav
1847,3074363267401726741.wav
1879,7062610859354926539.wav
1744,6775094092559552323.wav
1675,10942678977586923754.wav
1862,1291134479282685531.wav
1711,17780199988325611499.wav
1897,7537945890031136680.wav
1839,14433864249907192916.wav
1677,2724509948079807966.wav
1963,1779949510924277378.wav
1927,9414802683304442118.wav
1780,16229276901937377315.wav
1711,775400082605877984.wav
1936,1039497074136799281.wav
1816,13427382171463907141.wav
1748,3145634975908769035.wav
1736,1482553389233232611.wav
1757,8116940228345284709.wav
1701,5084560131385747144.wav
2007,15198791949964749749.wav
1983,8800415746415883037.wav
1805,15159313749682014390.wav
1799,4959807872757281225.wav
1683,12612586549720039620.wav
1907,9346027370659109598.wav
1957,18441107373782162366.wav
1967,6505280108460317653.wav
1853,12630471432197299137.wav
1914,372402044211547471.wav
1824,2600278546279349921.wav
1690,11374448193102653504.wav
1851,17009549621016122493.wav
1856,17470881691215605313.wav
1889,9641751062696210959.wav
1703,3695203979309436765.wav
1870,17264457532158271660.wav
1707,1921649996981828068.wav
1816,2877048215860829054.wav
1829,7233318788544307559.wav
1702,15174502076958430315.wav
1966,13755815464370666749.wav
1765,3619176213798763590.wav
1849,14499299686593346396.wav
1695,6574009744252198685.wav
1946,7644925066686578313.wav
1885,4502832936556424919.wav
1785,1160921373515360609.wav
1819,14089906524841428907.wav
1966,925886009672895666.wav
1786,5514569255931928980.wav
1855,10394228005554884342.wav
1913,15557080554158654330.wav
1823,11765087651238949109.wav
1894,1286226306355676414.wav
1809,3648659416619207157.wav
1945,7098859051861848191.wav
1665,2709155185119484708.wav
1895,7243098522223653827.wav
1833,11720026005749089794.wav
1756,12226404557793405844.wav
1981,7387031775989684231.wav
1873,12774598594198167621.wav
1796,7377888230195633582.wav
1711,13448299213827060600.wav
1955,1660871821078656829.wav
1699,9301866549249637220.wav
1824,8044582729372030175.wav
1848,12001926383830222413.wav
1894,15204219378662199364.wav
1661,18238487740525218230.wav
1973,12529050572781193000.wav
1986,16095425773351622107.wav
1792,9348375609893059714.wav
1925,12611958937849322337.wav
1984,70043200763055023.wav
1675,8565785292310471736.wav
1920,15667478884562688479.wav
1674,7368580157774522651.wav
1689,16926193048752036027.wav
1950,1188893069514209411.wav
1978,14312556512052628142.wav
1982,204942703896695044.wav
1685,6909996216727386819.wav
1775,5992553017241482181.wav
1699,7533416246306635134.wav
1788,5598711934803468399.wav
1896,11549297238728646667.wav
1970,15116179027152529028.wav
1882,13990842666800337139.wav
1779,7717561074363186898.wav
1968,7072322088721766894.wav
1836,17362456687046225860.wav
1994,6297287319982845660.wav
1679,11733633381770894803.wav
1750,7357589927907191829.wav
1677,8443585535863978063.wav
1752,10278812186982315493.wav
1920,12597451118644001665.wav
1820,13143942575305903456.wav
1833,16570693514421394200.wav
1892,14072381461147347914.wav
1803,5849486627252569352.wav
1931,7473078915068564443.wav
1913,8607478820031031592.wav
1713,12169142395765289333.wav
1952,1491355706246265646.wav
1738,2324457463419149872.wav
1745,2676690391763790021.wav
1661,487310858624429948.wav
1749,8197077719175898848.wav
1778,14287344350782077322.wav
1755,4394405227288050769.wav
1753,6417834904943730495.wav
1678,3170395119977522006.wav
1907,16809653409666959176.wav
1787,9616891695015925.wav
1851,10958180038372002428.wav
2001,12656746463687279728.wav
1802,7545098284797084561.wav
1716,8660161875440632123.wav
1702,1117152164357692003.wav
1871,193650557789856037.wav
1830,1331695269783088305.wav
1934,14512923187739791106.wav
1687,3772486440442656187.wav
1662,5291398180922949083.wav
1673,997214977706781989.wav
1910,8862464914250653922.wav
1880,13637942669212386082.wav
1686,6249648258742463755.wav
1773,5305346436560066895.wav
1935,223724427664750676.wav
1969,17229053542682298580.wav
1678,3377981050963450180.wav
1827,4238287618755045297.wav
1996,5888884242299205154.wav
1979,2328495334087888975.wav
1868,1085997438697004312.wav
2005,14382930402163325172.wav
1917,10296046279567274586.wav
1837,15123585476447815276.wav
1764,18274901271334724727.wav
1736,1294130993793345841.wav
1751,13382506559193411507.wav
1951,11351424803821396196.wav
1865,13418893249940797722.wav
1770,727992659148471573.wav
1934,15744033116023605335.wav
1998,901766579025471424.wav
1663,15204209565592923908.wav
1843,14215427005583898234.wav
1670,5486985658792634550.wav
2008,785579863290367698.wav
1857,6126505140222059715.wav
1820,321627184979973080.wav
1972,8874511969039551212.wav
1977,89465027990232033.wav
1728,12307158703900049820.wav
1871,15483395239406333984.wav
1691,7453516172157178135.wav
1709,2667782357496403461.wav
1930,15704562416419335736.wav
1727,12494463471733731059.wav
2009,13178749234580834104.wav
1672,13707681125432278898.wav
1971,11391301835605759520.wav
1759,14325165028827868201.wav
1858,11400701504589769018.wav
1943,12980841926342753717.wav
1883,16669347900393797616.wav
1790,8351060663337953848.wav
1958,17428359145841047757.wav
1737,11915729189175968031.wav
1762,4509795771807520198.wav
1911,13537009559442188193.wav
1847,11848908263043299160.wav
1901,12336328243548928963.wav
1891,10072217146537983584.wav
2002,553381887562307305.wav
1935,2660270125121757589.wav
1952,4284720761189586149.wav
1908,9938012566507374279.wav
1898,13338800329703188994.wav
1859,3380827425145035934.wav
1864,4042059876970210382.wav
1972,18259472399517528053.wav
1715,10810170781440039258.wav
1774,13708521277896193412.wav
1875,1512588435268775425.wav
1856,5389215333065071744.wav
1978,9436372629454420093.wav
1671,278206598558591818.wav
1768,17626520690792237737.wav
1701,202789835324751553.wav
1696,8706279663762549572.wav
1683,7016710779025515431.wav
2004,13982839769354829304.wav
1674,5168814581281946692.wav
1742,17251012872324237879.wav
1849,18077822731898830326.wav
1681,8988129491561122267.wav
1662,14661093332596032706.wav
1763,2636123653417715022.wav
1954,4992337455854574860.wav
1712,9147281036022834744.wav
1747,3544608734345385817.wav
1758,5489231885529662474.wav
1730,10222238337252024030.wav
1883,10727009009788036162.wav
1881,6997671323927018510.wav
1933,8435220966326674370.wav
1947,4860649156539291745.wav
1677,15063118531517096083.wav
1783,16989285964102569512.wav
2006,10720993349250886722.wav
1666,7639975782976070264.wav
2000,3684178482443244851.wav
2008,3960440248666815722.wav
1885,15230451012440926546.wav
1771,4908312483658470244.wav
1718,11466316209132124206.wav
1704,4304592404276310142.wav
1948,17650603354385172207.wav
1706,9907034717558764701.wav
1697,12445700764324789318.wav
1675,14458001049307749619.wav
1812,7080503501820907101.wav
1670,8437143332940321026.wav
1680,7743550698169507459.wav
1906,3125399671649949081.wav
1719,476297602406433337.wav
1739,17308264966616880419.wav
1704,13622594816414891085.wav
1717,1483720180262867940.wav
1694,11742112169516317160.wav
1745,11392586762991923638.wav
1914,3733720182821735977.wav
1852,660136363523730093.wav
1990,7474319153124769171.wav
1838,1757571322193555151.wav
1921,18196339798364398626.wav
1874,13224562516968677508.wav
1692,13343207786465738167.wav
1826,14223843653085657511.wav
1942,15258169853003978230.wav
1814,5234803930371652524.wav
1863,12759754315667767746.wav
1988,12605743352970096431.wav
1700,17189865394932145687.wav
1798,14031757979423558338.wav
1818,6312110131714090427.wav
1761,10819961537726726647.wav
1901,5395986611239832030.wav
1697,2830643310073657367.wav
1758,5368845162333945230.wav
1760,15977067708619844608.wav
1941,7863529300360644766.wav
1889,3642541066824165789.wav
1691,9626418774930291662.wav
1669,17465388403556255153.wav
1737,5505314995370093767.wav
1717,1669155477897835926.wav
1676,16586608009385653621.wav
1957,93163083723882915.wav
1941,7535162167641231514.wav
1741,4794991471767054515.wav
1810,12419270068924722102.wav
1803,3900283663354103781.wav
1850,12381698776027901520.wav
1890,13921085305465440011.wav
1698,2712635398029196990.wav
1813,16044230018931146701.wav
1872,2899343015276141736.wav
1704,16353663414505373274.wav
910,15884332554050566836.wav
1255,4773042770669105460.wav
458,12345220236221436355.wav
469,6857096740103702435.wav
1140,6844483230719481716.wav
1090,15226976745238241654.wav
1447,8293221036377178759.wav
657,7520247204953915479.wav
1408,4194754662941996109.wav
1236,326830997756746342.wav
420,11519683761299381359.wav
1440,12183211699563147480.wav
39,17884062683171457286.wav
1490,18001075710794363898.wav
220,12246270163877518477.wav
1411,14192599559437978108.wav
229,13728555041241234371.wav
587,11272167302879925468.wav
1493,2187652854035030594.wav
730,650444146388956514.wav
947,10707600768105968274.wav
1451,17751530082853252736.wav
567,12382179669498372532.wav
930,8483569470445487237.wav
1173,2364534143955844352.wav
1223,15089671783647571301.wav
90,17978872360370790920.wav
927,7490961419514078645.wav
1085,17546673430311169878.wav
1417,4447004799816468591.wav
178,4545899296202989965.wav
88,1529568896178866397.wav
1427,5287602302940889763.wav
856,13944264504957799519.wav
1002,6355087526096781412.wav
597,11302597961344536028.wav
843,16015279846304897477.wav
346,14000971854977092737.wav
991,10357853770546194060.wav
743,4957511420789736973.wav
669,10829487339412233203.wav
31,18362829277894717833.wav
758,11480596192168620605.wav
726,6184330228223859029.wav
282,2810904622092377600.wav
28,15653521479270267842.wav
117,11258787387338399595.wav
1059,2719513576393014703.wav
847,1494551078444786974.wav
644,9672587876508267435.wav
1292,1765234271654611196.wav
47,2488861902817464532.wav
133,3084040297221746293.wav
1452,18075856465931545098.wav
1288,8699542860952986650.wav
1234,7138988672659729720.wav
22,18350770793293878143.wav
1421,17442759475845074170.wav
141,8133871298485532131.wav
907,229588119613804622.wav
220,13372183995600068294.wav
281,10277225219076623374.wav
102,14839922340907160229.wav
785,17555679248629152930.wav
709,7509857789389106877.wav
1001,8393156301290280103.wav
396,9737971179789488070.wav
561,17441959870576710572.wav
142,2117035279897245350.wav
250,10510048832511087869.wav
796,10171996154776241311.wav
993,16215881686033455256.wav
241,1980907437562638712.wav
686,13339410661397725652.wav
830,7686583550401376799.wav
376,15535041498985159240.wav
482,5706303118698475405.wav
525,4251789995184488410.wav
1131,9086138999229021419.wav
1218,9353398633555640168.wav
808,4829798641392278516.wav
86,8968103013084222439.wav
1135,10999210627234639003.wav
7,15499973004680169954.wav
587,12491353721295968894.wav
174,17658011975476100584.wav
1488,18097574513944580786.wav
447,9626113510179701845.wav
1493,1139937748039267721.wav
660,2549763945590234872.wav
1027,5003105823906981960.wav
574,11268712213933370769.wav
85,3876231518337178785.wav
414,217352238446669741.wav
1221,12989783901261007480.wav
1122,6668556993244142040.wav
824,15457730947461693532.wav
134,12465111942551977136.wav
131,14752121753552537023.wav
293,5208770281062852251.wav
387,1621047916024478615.wav
134,14057650296892036500.wav
261,2821461701899730073.wav
905,10564766886330341826.wav
187,16755969625548581377.wav
223,6466804466095963288.wav
565,13230173642540737518.wav
1469,12946556349047259141.wav
569,16134266619595985953.wav
1145,1666233827322769317.wav
151,10634211582510981738.wav
1478,2774628009338975821.wav
43,12568553798472479915.wav
531,15762984801945149195.wav
635,9867003954554233390.wav
1158,5688984589376901824.wav
1472,4586052210142634470.wav
32,2124690618021636588.wav
1343,8471709839058196752.wav
508,15091176399799296140.wav
1171,16654851395636344350.wav
610,16099139012110337087.wav
246,8504817237802719480.wav
745,13506263520002585742.wav
1161,2135681066702734447.wav
1062,5809841630658595495.wav
1232,1775980673105969967.wav
407,17153963529803355221.wav
926,8153680213972662959.wav
62,4771904697020991838.wav
454,16796449027118763821.wav
67,1713049395634198340.wav
1394,2689821821781462828.wav
261,9700194447539664414.wav
1503,13068909064917436142.wav
36,743190469287925161.wav
196,11973185565264106552.wav
776,16431730949750495272.wav
1179,11589044007722602201.wav
777,7447489950776289739.wav
146,9527451004786287474.wav
699,3515505246426500387.wav
1339,13124704986482445191.wav
475,565409315292991549.wav
234,14223318553411012374.wav
1219,413482738628010148.wav
719,16190477468796339706.wav
339,17168975822542788595.wav
582,6538360514012907021.wav
92,11129521647952978074.wav
227,5011221669721047356.wav
1094,15567216134892706124.wav
81,1262464855517519102.wav
356,5621719279010971920.wav
1413,8382664150159912530.wav
188,9335384200139026965.wav
1125,703991540318703839.wav
29,17452403121149230413.wav
139,14689613973008623025.wav
247,9768210968392473103.wav
783,9451594120431720151.wav
530,15042868634013904884.wav
179,13533405872400385368.wav
1225,13289821222252984139.wav
195,229910181976875732.wav
910,2622065863356632299.wav
856,3703374483212573244.wav
79,7362141930490792984.wav
866,12753949088579954406.wav
364,1156166593623120740.wav
1251,3519301105421475876.wav
695,8204091523689631548.wav
938,5198099033299112078.wav
50,6688499846476639652.wav
1450,7808872643118801995.wav
734,7704348089885081367.wav
805,2145063898597209404.wav
1297,11526394381560814228.wav
632,17001851370368019056.wav
370,5080042047732384076.wav
560,2187463177282101870.wav
727,10271603467484052205.wav
203,2008522021222698540.wav
56,11047444505028849758.wav
538,11032913290953635277.wav
330,11585283085482121995.wav
581,7605478247076753037.wav
1005,4780521105293273167.wav
20,15868789365057775073.wav
1397,11492449527897118831.wav
199,6962629757395167045.wav
273,9000310826551434906.wav
1147,6161723636920224680.wav
788,5788665881936962533.wav
1405,1056759265187946429.wav
1246,13547719490528603091.wav
1340,15545408209977664739.wav
78,1591586981171910318.wav
187,6703369001645946027.wav
30,12455735701626090765.wav
402,14847588217196390836.wav
1081,2581267348822837219.wav
611,15016614623174465025.wav
831,11262058835915993305.wav
1138,12290493935289664438.wav
1049,17734422860476499267.wav
300,835521635380733428.wav
176,15473117835121360412.wav
1415,15250494900479898020.wav
1124,13150105860190239946.wav
959,9740953914062579568.wav
1384,13911166785977230144.wav
470,9512782603525930380.wav
160,374102500011487238.wav
229,15573754908995378688.wav
1487,4001589493045763192.wav
455,11242447428500751659.wav
923,14204864794188104250.wav
366,4129284495669831342.wav
1016,5498098961869614780.wav
792,5247298027566999330.wav
768,1558063091742486484.wav
861,7957281544204830668.wav
1226,7188123547365269007.wav
144,10096642187830483933.wav
497,10347057388145448817.wav
1048,16411384919432630793.wav
253,14437472683739460692.wav
770,3796545707602108942.wav
832,4093593789202965454.wav
693,7140013175769559221.wav
256,6306416955314321844.wav
473,4108901731644958745.wav
26,4835905142575467968.wav
178,1948386628678907631.wav
555,15218467687945968680.wav
968,10789946014977671001.wav
129,3300245634455368733.wav
520,16471414932351261527.wav
840,17890662833237527129.wav
1260,439434908936274812.wav
533,3849630353323871888.wav
498,8405737102482046819.wav
1164,14833491805049876878.wav
774,8882236162527047480.wav
576,11285655260796195031.wav
297,5851216150417781664.wav
129,6734315630827607418.wav
80,7357621269269063493.wav
318,12812094115340856276.wav
417,13401335516928871315.wav
137,7760446697670097140.wav
248,352248437118425181.wav
255,18236503631691825766.wav
1397,18252290602741953978.wav
691,13414469532437660764.wav
450,18104108042381173675.wav
667,2454524491637530412.wav
1112,9273607450764428681.wav
1330,10690535951882868417.wav
144,465922160692351884.wav
728,12043867008948427571.wav
419,8111639607522344290.wav
496,334653671609436995.wav
842,5804854497762674671.wav
1241,3607269574391437848.wav
1416,3344100978642590923.wav
102,16415373659047730428.wav
313,4346572635859880307.wav
201,1564039891005551497.wav
909,17437669407489272713.wav
1287,16815858735123623676.wav
1208,4426683012417269430.wav
980,2916702736005513762.wav
920,2807320655471185704.wav
305,2313848108056719781.wav
325,10303033382303614447.wav
1373,14929192946700637594.wav
1435,8214940492975453161.wav
1043,16706488453203911152.wav
769,558643342318967661.wav
238,10741189166553193762.wav
173,4160028705936378628.wav
331,10105792492891984449.wav
19,7723171517645947836.wav
194,10849905633314393922.wav
126,11495293936854034107.wav
64,17503557323905689986.wav
1378,4196676656420898764.wav
800,3457202553642821967.wav
1121,17998073650580082005.wav
35,10229580352490940876.wav
642,6899036822502085292.wav
118,13364679462844769724.wav
279,7398559792315918464.wav
84,10491324410882383535.wav
99,12040495848559649510.wav
1195,5783790208722847553.wav
266,14413073464323761959.wav
1494,1667573083018107128.wav
266,4824469714674216207.wav
330,15033097134533389375.wav
1446,7528142414786473397.wav
14,17833971512006491326.wav
275,11779379801901147484.wav
1134,3231172843848853042.wav
395,2598002124870258295.wav
88,18185333099459200448.wav
1438,18201302244569776319.wav
218,5176354432528628142.wav
1484,986946092283091278.wav
1063,11073475544688908168.wav
768,17129310197291193913.wav
1156,5164982885766266657.wav
172,9252155307693514088.wav
1420,1472939552389457072.wav
196,1937996324590476510.wav
2,8797316692060675111.wav
1176,1939349203372055114.wav
1440,14912422455595879485.wav
994,4508720831634592743.wav
879,764201242133953524.wav
310,6284210886478448035.wav
710,18292323777258778887.wav
1439,13184927170409095112.wav
1097,7488188554719908312.wav
1189,13139598198525038236.wav
495,5587714210373784063.wav
20,10073306258552728305.wav
130,11988679407089991394.wav
647,2447293064734631223.wav
319,2712280989751660746.wav
884,13365701865182918820.wav
195,3869538584813689408.wav
458,7383119383253068652.wav
1198,1114173337326116122.wav
1509,10092464801146283386.wav
456,16216797668321047524.wav
1095,13474193123271017340.wav
145,4333556448524332852.wav
843,11481781624205108547.wav
210,677005520996164039.wav
1362,5180303351579458289.wav
1328,13360792617794661214.wav
127,7847232645288248460.wav
540,11879195830018253929.wav
864,2023001512373724124.wav
68,2891373780676390197.wav
572,8594183986019962927.wav
197,9420288042828498103.wav
1403,3976422039280071397.wav
431,9650212188234913278.wav
813,15680997220662214473.wav
315,4167870865453811538.wav
108,2724977693855562151.wav
213,13625123732647739855.wav
116,5347420974150593306.wav
1417,11910543336669347933.wav
399,14218293671548396928.wav
488,10610722105013534022.wav
1383,15890153445035586421.wav
33,7487929527430486950.wav
509,7935121105405746518.wav
243,14037281448233784274.wav
1088,12514558524010328809.wav
1375,11892438052231561872.wav
146,1274552694109881550.wav
1013,11836169761217005538.wav
879,15950734779258544896.wav
904,17273514253844971923.wav
1024,16117717209954348099.wav
1182,5853958345601414196.wav
453,4712135480971735774.wav
37,16684127105266310187.wav
542,16275054419487493422.wav
106,6059962424177269077.wav
881,16613646375003604048.wav
1212,16776834944735844876.wav
1323,12652814444405302228.wav
274,8486756121560743352.wav
895,8961480226810898638.wav
809,7585412579150743709.wav
1453,9552820924208995739.wav
1095,11406316467001931099.wav
1302,2671829154135978400.wav
529,676384864957256320.wav
153,7351949990154289211.wav
119,17185018231180733181.wav
719,1897543758570322415.wav
101,12969461702944546907.wav
1237,4696891247413617176.wav
1132,2350025770277565907.wav
624,1467637786646373976.wav
1001,16952187309606955523.wav
300,2032304399652882853.wav
1473,15776366159341545487.wav
87,13602688676153712923.wav
659,14098680512119694988.wav
436,10477061925461720929.wav
1164,11341261494659102607.wav
174,1920421948155688103.wav
1346,4243229718002115927.wav
886,16689851987261642292.wav
562,11730557400097280272.wav
506,3966293694602790687.wav
1075,11479369800927400098.wav
701,15282983967120214956.wav
228,3598155103502781482.wav
1439,7584712523118179746.wav
744,4833159968815073641.wav
346,12846242842816610929.wav
1345,11931152737610700814.wav
1446,4364490176658053546.wav
1283,17518936390582266488.wav
1443,9910261035729175959.wav
629,8964895812523101235.wav
1342,5382294278717401510.wav
690,12566635644154293947.wav
489,2868920890314204533.wav
872,15031088287732932332.wav
138,75137212357844752.wav
249,12893188088768998453.wav
182,14414671084315162739.wav
1215,16724954233444147947.wav
1442,13663895211425291706.wav
493,1412808694799590640.wav
502,5395327843532832437.wav
92,3021294843733838796.wav
519,17904887608253418726.wav
1253,4237656201542376041.wav
45,6937839876254313552.wav
1279,1832922823605325908.wav
148,767414263611138683.wav
374,11079931838530237276.wav
526,7902828965851412533.wav
291,6228604412370898401.wav
548,17754537020330339172.wav
51,8406220487302048804.wav
653,3112255112887056438.wav
1299,9187330752184989230.wav
735,17096102578804824735.wav
1113,2740350485522085452.wav
277,1754113363136756993.wav
1058,11974565432667740929.wav
73,8542200896779906416.wav
425,12002268448911249688.wav
378,17248317193995037393.wav
817,16414649944631648867.wav
594,6507144316500991420.wav
1038,10120853734803564432.wav
671,6092378837291108736.wav
233,8145683188036991890.wav
120,6910982845308642395.wav
484,15633576531124767900.wav
335,8825591010023497148.wav
1476,2362859716009300387.wav
89,10412600882085646587.wav
409,14394504599037594472.wav
756,11076540160209965354.wav
345,1275788678622734953.wav
516,17979007126595365834.wav
949,7083237702702053315.wav
236,12479055441597088672.wav
1228,18178482205762882657.wav
765,1693205976813868114.wav
1056,17001331269430898726.wav
142,8738568315647459774.wav
435,1771818856553360274.wav
887,13848674478687530907.wav
314,18247745070706587009.wav
591,8843234063768429280.wav
953,14715774035810951536.wav
764,3672805451564535372.wav
1371,4061951661415792874.wav
816,9806189675848262853.wav
235,9942353832018085957.wav
295,12088136824045599159.wav
1467,12588672803293295161.wav
228,5143194673741261752.wav
389,9679192755720135366.wav
1044,2833947178610315217.wav
877,4820707196094398560.wav
314,1799270437174271101.wav
718,15692792242032745364.wav
996,5364732374740054893.wav
1377,10731096813292790460.wav
1125,4393809735872025983.wav
89,11715577937690929532.wav
1170,18318091862249493562.wav
444,7231984855773625186.wav
1489,14521482393541224160.wav
723,5536959281684864802.wav
254,13789443390669038252.wav
260,10431768219350799079.wav
161,10717275551271375442.wav
1497,16211221224214557784.wav
456,13277657301373704829.wav
570,3724195844665447290.wav
332,1487648881407510866.wav
615,7734029159547892695.wav
240,8324066115900446069.wav
143,173360076025805324.wav
1167,17636864209474155592.wav
862,7147388190750498025.wav
1335,17416118004131332469.wav
4,4104506012028652331.wav
1108,14782719151385304414.wav
1445,1739743562762347423.wav
823,7612667068773497020.wav
1357,3582215710545787053.wav
63,2052333995371626901.wav
1006,3954620456349412441.wav
756,1671163603077250493.wav
868,11565451742497826210.wav
749,17410134134457271953.wav
1311,10266704237885977594.wav
345,12251017180681976408.wav
45,14754296470488299370.wav
639,15597122358937588741.wav
244,8082673539624731014.wav
1151,14751488049447455060.wav
437,2023593626511884963.wav
12,8937829336999163077.wav
57,13562468640835028795.wav
1267,16025443760478822688.wav
538,13374944314753072336.wav
93,15629449225082226163.wav
498,2198605625880238221.wav
9,8369856537345838658.wav
1299,13233324449395464745.wav
1051,596806412204467116.wav
1148,8251981647598893666.wav
264,16698882927079018690.wav
1244,10925296512635282229.wav
673,6042242033051651367.wav
1006,6086553472142106186.wav
1368,10701868388322837100.wav
212,14988802390360343562.wav
417,4279940426127573994.wav
1262,3803681090497246557.wav
636,7647123828533422735.wav
1304,12757983191621569223.wav
1174,1291622964829829777.wav
353,18297998230446773837.wav
1219,4412311477190136513.wav
363,10858039577796156330.wav
753,4049887199048894891.wav
1458,14143708820403456629.wav
124,10367038433812400163.wav
974,10605630231460673408.wav
986,4230528908887192492.wav
54,4192546945482278423.wav
1402,16936403868790984651.wav
18,930114636763145864.wav
557,4373661483983364620.wav
1454,12178452423883891416.wav
214,18062219416979933175.wav
421,12069451231462943571.wav
1015,16692143049652600751.wav
1154,1314697880369685270.wav
1354,11770427606237740975.wav
1105,15527059827755246858.wav
1355,18426787451133828912.wav
1307,16111877795431354100.wav
1205,5647710299225113535.wav
706,10373261928026878596.wav
597,11237715369561409232.wav
1206,9322086385749249153.wav
94,14096701905008092205.wav
372,3179290781338996906.wav
121,4400567916151345234.wav
114,3440137776731869504.wav
50,7809577694597207296.wav
89,11728517833266890725.wav
208,10790502534702328527.wav
670,3593573278110583331.wav
1118,1279458848319774316.wav
617,12167475647391541750.wav
1369,3114694727728201822.wav
596,3135116270222120984.wav
766,11502077742526750795.wav
11,17045151547878036901.wav
291,14310781368308705972.wav
608,3468682453299180533.wav
1329,5291924966927884962.wav
1208,4142060983352630022.wav
1305,1582454235559679698.wav
1356,7725410966394535856.wav
799,17141542539076338109.wav
703,7930896618506148660.wav
391,14296447360456809811.wav
605,6076568803290640219.wav
180,14622291143555041793.wav
146,12474139395635581104.wav
1422,14392434488116814036.wav
536,12236089224239139007.wav
464,13317410070149504715.wav
1381,4055592059930043218.wav
1037,7793461067988304769.wav
12,16905919892784742186.wav
1233,2503556992004282759.wav
55,1542423342912735357.wav
1412,5161149801993400054.wav
257,1754981663401830712.wav
443,13642861656257167141.wav
900,696313039656507554.wav
82,712057955515584900.wav
556,11315803063037005071.wav
452,15975882683066686290.wav
35,17624149307356952588.wav
707,10204597170207815317.wav
358,4679246837703044220.wav
1052,14617039054201034921.wav
1118,9060585327353027654.wav
1359,15374967136675616439.wav
1259,17179877364010651648.wav
462,12400365574313519855.wav
686,15837893855131490490.wav
156,16419007751728781739.wav
1487,18184258779915579652.wav
1080,1948242593980076344.wav
150,1383600602293917624.wav
1470,16593806218614791964.wav
200,12890546690402290602.wav
311,1933341410186673656.wav
530,17663265353734182450.wav
965,9622540323047454370.wav
1237,13832312136418174577.wav
751,1790523685847143513.wav
1160,877940383124416103.wav
55,13042436947682481403.wav
162,4321672515350617282.wav
204,13475863043287169687.wav
1031,12077478780029926118.wav
696,9351480318255355791.wav
154,10310296519033074503.wav
322,9476835163828143594.wav
566,3136746333315370246.wav
360,6483008568517417576.wav
752,3012789131532913059.wav
356,18162286050941758596.wav
1270,11272683999977151429.wav
96,5404546241271905769.wav
630,12815297736067625804.wav
352,17534206318360344338.wav
1068,3590819503488830509.wav
702,9146989909720459135.wav
697,2081044582667639851.wav
1077,9123873735735845967.wav
794,11415046739110613498.wav
66,7701932474243001535.wav
385,17844959511709800634.wav
1268,7005870733413857832.wav
1327,9836390727731338369.wav
1148,4917583957069099699.wav
1149,7605381438592512717.wav
168,18031643727777376241.wav
1312,1360096204791107065.wav
54,11980619158461363261.wav
640,6839158642759948833.wav
511,12352208238524326066.wav
191,16957045886106823530.wav
54,8124011971969912709.wav
115,6099640716587132020.wav
294,17565198233927851696.wav
635,2060720201869084828.wav
72,8154956813746559081.wav
382,2564633924620049948.wav
1235,9420309258441165502.wav
1348,11176835924556511687.wav
301,6305948260640912769.wav
1420,6507094748199048625.wav
1321,8775268138023888278.wav
548,2934097311820143731.wav
234,6333369718865202663.wav
1358,2628429016614193354.wav
965,240834331920747413.wav
1016,11956427645558088323.wav
918,16292754683038800500.wav
1248,18324098961550244323.wav
253,2316844062350052692.wav
663,6401963061408487728.wav
1018,312583381806869841.wav
1461,5253259488306254529.wav
338,6440808587549234521.wav
56,17340167094344793345.wav
411,1946640190172015033.wav
2,8918995379522736119.wav
1066,1034552035666754363.wav
1319,5836106118401672225.wav
748,6516499956709087175.wav
649,16150318146066713415.wav
1241,5178749066803473642.wav
152,2122303260078388338.wav
820,11630680899255748568.wav
1347,2782396068762089122.wav
1337,760124813549454067.wav
439,14132633061998528700.wav
76,9623408305903167523.wav
82,8513945219846919388.wav
941,1279413202878611131.wav
1106,12097831027649330202.wav
628,6740372374010299711.wav
718,6359659907263181207.wav
721,1974466697252457696.wav
957,7256171278476930414.wav
51,14866933527877645029.wav
75,17539547211270604310.wav
1256,95382490788201994.wav
662,7493372659498127013.wav
1140,18102662697927341202.wav
833,1822635710182287876.wav
560,18312630373690939534.wav
381,16544996177036049572.wav
435,1783505143814802934.wav
985,1007034073962690662.wav
632,1068225375736089368.wav
125,16554249780008650806.wav
5,16485497331511670136.wav
885,3387312923998848756.wav
857,4115190169218653505.wav
1228,15177315330506040400.wav
1012,4057845006560877173.wav
628,10406013293615686069.wav
1163,6124476550846389915.wav
478,5171932609976661627.wav
997,2846182555551254924.wav
350,1930565916198749650.wav
1459,3678536269515872031.wav
930,8466734308279078236.wav
1238,6043609022481942409.wav
636,17681277003451647274.wav
202,650716981941840545.wav
481,11065334118898778166.wav
944,15976827153422612290.wav
1404,971751885775697492.wav
608,4686947064507638331.wav
1293,14884314619807511698.wav
394,3257653756572859449.wav
528,5673330042554041037.wav
1214,13985096901362614130.wav
268,14558091937360117289.wav
639,8185145339037574445.wav
290,7197815164372884977.wav
219,6225219073288628549.wav
1266,12105412675771670757.wav
1508,1628421109331799531.wav
772,3144393825880972451.wav
1467,10518393205517992318.wav
396,11892265654807828418.wav
416,11158690975722511452.wav
1146,14110695367064798467.wav
20,1078864088913161956.wav
254,7297350669818364589.wav
1377,13417160862554365944.wav
1046,13615866690038344257.wav
1304,10456391042502201425.wav
868,12715553157059477887.wav
927,6596969366974425943.wav
1067,1253303656307821264.wav
37,2636523107035780141.wav
1159,11132956179512147479.wav
514,6578629635382649873.wav
163,8410911544979346456.wav
442,8983871143648008424.wav
920,13375908332344117805.wav
141,11779106526323008252.wav
91,1070126029465831134.wav
336,9432181021085069677.wav
21,9973061426650900427.wav
825,7343558190854346748.wav
136,8478961714823071110.wav
1358,7281967392039058183.wav
1169,4199992814174685784.wav
990,6483054976660378411.wav
1227,1288883479750047633.wav
299,11538090457190952958.wav
1104,15253060292169517837.wav
800,3832869228841893370.wav
1054,14532430541323696410.wav
398,16342520697101886493.wav
225,12062695272932778627.wav
1414,4930346678491754315.wav
1082,1198444891185906595.wav
1025,3427431834734237835.wav
1381,16600060602691692931.wav
980,2472880918662511356.wav
96,4382784635931987895.wav
585,6739140238004976323.wav
624,17122943694393353349.wav
193,13716493549899265952.wav
283,9656660078091268360.wav
1387,11166631579120736574.wav
1437,6061068435855881966.wav
207,9634877255543568365.wav
738,12559693889101104241.wav
162,17383205366114236713.wav
8,3754336998815698295.wav
224,18229811758416208352.wav
1191,15653863129582329651.wav
30,8872449314881016936.wav
157,16186165935789639127.wav
1109,706968416010650555.wav
676,9199229423308168242.wav
132,2526539093973178135.wav
1257,2420712575312311077.wav
634,10988934340382866594.wav
1181,11426168393853156702.wav
1128,1799685330617025478.wav
1306,16282906199343012641.wav
1366,2104065765980146780.wav
167,13511257532850448128.wav
626,3765166278607218765.wav
9,2709318494346853364.wav
547,1042620801642326746.wav
543,4663983181435088370.wav
971,12901233094113946962.wav
1310,10669962425559456574.wav
258,17587982282339360362.wav
777,2441462949650988429.wav
429,11620557842334701107.wav
760,15224734420763418369.wav
206,16536896904382589643.wav
1171,7635114644667812407.wav
395,9598272158199358917.wav
428,3047382029562392378.wav
452,6386775984028369202.wav
1047,11886223957023781563.wav
1379,13855397018364827742.wav
1165,3981479443727645972.wav
373,11792320067132792396.wav
892,3029332546121988673.wav
864,1075087959773016902.wav
1399,13794336792618453812.wav
755,14004855550982793807.wav
728,4219725797049504683.wav
140,14783209976114568578.wav
575,10722979161971555851.wav
1303,4016458566889368504.wav
633,8923154879494642515.wav
852,14621377851320474390.wav
890,16963174882344472305.wav
70,9427371106499327890.wav
1258,3247974843638309355.wav
793,6413306941143872607.wav
1166,8949517855713264038.wav
1434,9821982521229693721.wav
277,9716979409747625994.wav
337,16782681854850348635.wav
278,266952517806562355.wav
31,7929573871991511044.wav
33,18399823439225807056.wav
1192,12079333390051219555.wav
1363,2081153860603585597.wav
983,12121262017281078730.wav
8,1464210747904507191.wav
547,16528623610285889987.wav
244,11707655169865780552.wav
182,18148694614684902005.wav
339,12311909580832138440.wav
804,15314831814077178859.wav
15,12325868392929905704.wav
1338,10351238820553643932.wav
207,13025045212775528948.wav
112,68944104940335201.wav
210,7693045183689441760.wav
473,12202518262940580607.wav
726,17834086325200297795.wav
362,8943592657154218062.wav
911,14659415293898231762.wav
903,11670035897570618683.wav
1344,12028413485582909091.wav
1173,3916140895493533505.wav
953,10508612375945452641.wav
367,4604812387009099069.wav
138,7297924207938342573.wav
130,13066747011374579129.wav
39,2805001724550213169.wav
1333,7156235493221715167.wav
929,7729214375292390107.wav
269,2618096435810146056.wav
742,6772319532720042713.wav
203,5115969976908757288.wav
1269,10377950431089688666.wav
1396,5895970729191043393.wav
858,17496227973837487560.wav
1464,16000959413803884310.wav
1392,17962597859570555587.wav
334,7543398892838400968.wav
294,5019199742246725349.wav
38,5321914208806304314.wav
674,10905484302350834728.wav
379,1714270361324010978.wav
1061,6773116928237549321.wav
955,713325256495566671.wav
193,1032533804844129662.wav
1133,14918963407508142720.wav
1278,8899298825770363167.wav
1331,11017833457451708347.wav
298,2877779834952735531.wav
1469,16296687881768060406.wav
1178,17602900088819905891.wav
806,2969870520481984064.wav
605,15027927698984110659.wav
214,12640570927866033494.wav
564,4109882464257795395.wav
34,2615866476559832736.wav
393,16935146688831516603.wav
122,8777172253438394632.wav
1170,15189480577497824790.wav
1306,11634515469181464115.wav
1,17672774972854082037.wav
589,5071445182547474529.wav
1243,1664533815009935814.wav
231,13096327192161938115.wav
1251,16202456147020285856.wav
778,10619554420097024227.wav
898,15178826344901570879.wav
1396,15126095753217209450.wav
1211,14606906723697398190.wav
1203,4085986104502745423.wav
140,10063050846664716653.wav
690,12437307572367217859.wav
134,13303523166971559801.wav
1433,15154785869240764293.wav
170,9676853925570406064.wav
640,10978263104208096706.wav
931,15069963709298037780.wav
1205,3615380548572738254.wav
385,15605876023292430235.wav
595,15451226596556859054.wav
517,4534522625075308094.wav
1463,16880501715136451401.wav
1064,2331241388228471670.wav
282,18141619356076350568.wav
776,15663284771319116323.wav
1017,3661879897751747349.wav
195,821403425581257618.wav
1504,18286026259843362481.wav
335,16122711013296551246.wav
1389,10459753019475955899.wav
112,12035916079104416987.wav
545,12700624027012348996.wav
1103,622372618665326392.wav
286,4947698996285764169.wav
662,18192657898332567535.wav
762,4337439767995670028.wav
672,6300281884574983703.wav
1242,4827604138717874658.wav
773,10228418526634333841.wav
1310,6913789947170451884.wav
160,1380316687596063643.wav
978,1562392401309405773.wav
1080,11585835107676974605.wav
408,10430893075903222609.wav
524,7545203537527101587.wav
286,3600376001101545414.wav
307,18427140965949281969.wav
645,17698042287996204210.wav
248,8487189637778822692.wav
284,14475487315210348431.wav
1303,4135296775217352005.wav
956,8845197660173968420.wav
240,5934881024582639122.wav
1096,6791174137967573400.wav
149,17099877666822476777.wav
861,10563174630024414749.wav
1475,11479845134234708559.wav
288,5841973191064636425.wav
711,15879480292095007.wav
651,16233215525275047382.wav
52,8805848014327600080.wav
1460,5897605643880286576.wav
814,14366540822994191801.wav
1055,2979900539978556028.wav
262,4000833231927280540.wav
246,19963461461946766.wav
288,16787015399788441239.wav
207,6924321351613049187.wav
1245,10370126483371107939.wav
781,12124825685574311011.wav
237,7540465017538782485.wav
79,5739651137682877494.wav
125,16949154560770284143.wav
221,3106370223350438572.wav
348,2748536346792268885.wav
88,5418269732378891839.wav
223,11869062193564681144.wav
1065,15054515731513511777.wav
1157,14375730428646354407.wav
1153,11324228012515686861.wav
1302,5812628984179387793.wav
115,16863326930269030367.wav
706,10764334799020699105.wav
1399,2340106124126467327.wav
21,8395608290400416462.wav
1402,10407704223559092062.wav
787,14178502649104847366.wav
5,12600894902830023828.wav
590,14561163401585785826.wav
1276,14697696712616203640.wav
431,6490729085006120705.wav
177,2412706705419491055.wav
801,4658419873532965716.wav
400,13909699647474468869.wav
1338,7930652941058090302.wav
448,5228947071336441906.wav
749,618321385833984667.wav
648,9923670632025876882.wav
1239,16614252131404944792.wav
28,8870893212715168447.wav
961,2291166812223971338.wav
674,18364407475817984148.wav
1441,722341779819983960.wav
441,8830463662653233525.wav
404,16591318495141699892.wav
695,14304215795085943602.wav
724,5407050017102825201.wav
1474,10189247466258767784.wav
1014,1810585795479240188.wav
290,11719419678980571587.wav
1500,15041655919829311961.wav
484,12778950130502288584.wav
1100,11004037163412361340.wav
633,6976323711186894655.wav
1355,3417702475260390583.wav
508,56163327608924128.wav
194,3157934925276074425.wav
1029,7445273706325559635.wav
714,6358495078196199173.wav
525,8585427968528936572.wav
421,14666112813930672864.wav
615,15352802939849118716.wav
1349,5379735525696305931.wav
1361,16207872786113621417.wav
999,15474371242931745613.wav
507,12779671013954722931.wav
17,2377270838599379153.wav
1177,287031032071093681.wav
1023,17255675203720130692.wav
1197,9805864129908609015.wav
586,10486586278753436776.wav
1345,2675353821120542408.wav
179,16031687979181883409.wav
398,12455844081837416692.wav
1210,4040566224774098055.wav
229,5130157219182302771.wav
439,15890271671307999888.wav
963,12248030429975712717.wav
278,11497339220337306023.wav
17,10428787116218364474.wav
1349,2900566261050643794.wav
557,12319369676708740790.wav
1204,10331907506739040543.wav
859,3576283198952081877.wav
1259,7106279978262138385.wav
553,14636625605395336662.wav
1380,13965280778163024041.wav
1346,493753775534637053.wav
1112,12321224232248233452.wav
1129,13693626626317856458.wav
323,5096352442659129375.wav
61,6187065812725790613.wav
284,2270047962918012608.wav
1261,5564244536285417839.wav
1182,12436390433354410220.wav
19,2411700658044355525.wav
625,14233040899696741008.wav
961,17728514337324241767.wav
1347,5611080349962784193.wav
199,371660031919189307.wav
1405,15693507446419124027.wav
1410,16917119002778675544.wav
1315,1565708893165543933.wav
924,2262919075038457210.wav
600,17083501271677540625.wav
1277,3671518394121103737.wav
822,13828941385078469282.wav
309,3592708249238234016.wav
52,16586907370341093297.wav
18,3709204088585297363.wav
703,15938963159022603469.wav
372,14965290048173197354.wav
289,3619414179359526404.wav
815,7462507531858633068.wav
675,17813227153479430582.wav
1199,812965040441107814.wav
817,13494616307595716250.wav
124,8615408327330840070.wav
607,18331406653376802833.wav
1315,13710300917677482272.wav
746,13914059663917205056.wav
798,6449560220443547316.wav
158,16978931215898694328.wav
211,12266595213013699973.wav
50,5209307873841858350.wav
926,16014454697236808010.wav
1119,10090809439311469378.wav
282,4064168020540813691.wav
1224,15394313255383058680.wav
205,16111180943660664593.wav
34,13995421406736977824.wav
1352,7018087582767037953.wav
1201,2364484725158498242.wav
948,16483575837589609515.wav
1367,8480837382063944336.wav
1334,15610006386812973462.wav
347,13968706708321457622.wav
1244,12777715135864062745.wav
1400,2072718262112099748.wav
8,11003107431983798432.wav
836,15418925523485315521.wav
1457,18106915002680567029.wav
1279,1701375519627421790.wav
1386,16107538264310099279.wav
1416,11858082492948389432.wav
1092,16005536597649163937.wav
101,14723167230200629272.wav
516,17687380067600827826.wav
1111,12488352970034737061.wav
1252,7427282120354585429.wav
387,3834167930095250697.wav
302,16472424725790127785.wav
403,11074967333046769228.wav
198,11014925748251854895.wav
344,12579402842930379816.wav
334,1239377771282352001.wav
205,8271588286753489904.wav
154,3601407369627416651.wav
418,6317595332687057036.wav
515,17151490481472349078.wav
661,6963742378310896371.wav
692,16206852046647241728.wav
1022,1043202380540263454.wav
483,2236738909491426288.wav
303,2057845885125538484.wav
643,7552771860468271701.wav
1172,18143955312310716311.wav
104,12775931634949520370.wav
533,17144910595415712189.wav
1116,8886815230273026868.wav
26,793185602155561145.wav
937,3409862195118973617.wav
308,9864679681452867447.wav
22,17192603639057074583.wav
466,11056419439469106478.wav
935,15190909069568823894.wav
648,9115105490014345741.wav
413,1785277885474911468.wav
228,3028874700508806585.wav
1168,18062491824487713726.wav
1135,13540813971694665353.wav
975,14538157937390803838.wav
80,16157459483727710474.wav
664,3401671177130836906.wav
901,17209894577017226763.wav
181,14022862324134729113.wav
998,13681381726686520180.wav
94,2455390772948608846.wav
137,12631363265504488563.wav
238,3702204742020664494.wav
150,12961863506064133032.wav
792,16627823856961568594.wav
153,11249765044737834944.wav
16,5836227620352981218.wav
14,4098805205128933255.wav
258,15267185529673776029.wav
1109,7588292340779803511.wav
928,12920030872661318338.wav
1348,12201362985563044652.wav
116,3897284336173882944.wav
819,18401647093229058361.wav
270,1081197183598961334.wav
1454,13720126570645689319.wav
24,4943976964362291167.wav
785,13321889299206236332.wav
987,14370791900790598448.wav
688,10793551688376389945.wav
529,12211655372799278217.wav
955,2868683302395124949.wav
551,14269090916878278129.wav
668,6380172498223309308.wav
1242,8472176911514565560.wav
186,11343454409298786630.wav
1052,9868264455848398919.wav
46,5121471152533283326.wav
138,8286211489782699062.wav
459,17046416806324165012.wav
969,2177805622574359157.wav
476,14306223019948024323.wav
1101,13438146327092131004.wav
829,6066671386736655847.wav
438,9811630500968488846.wav
279,17655188130998442783.wav
265,10388478465723710704.wav
1335,14507080066120363948.wav
1254,9063135411778306821.wav
584,1221972659688221545.wav
161,8303734122341655019.wav
495,18190288095041357896.wav
655,1266616604272180949.wav
1089,8824957959494823403.wav
465,13912570061439722516.wav
925,148862632559885101.wav
3,9671161381551230635.wav
1204,13340867474213948428.wav
877,14949848145517246975.wav
1290,14502256290319453948.wav
128,9290948767057766738.wav
1342,793819092213545430.wav
1074,3931073361823590923.wav
568,16186459727924905978.wav
970,12788739151068934671.wav
1450,12401422285473929283.wav
631,18123098640004205703.wav
722,16187905160204269009.wav
78,4528736765813149229.wav
132,13427140451511166883.wav
1220,2425269557523871068.wav
91,10350145238967354835.wav
1404,2008017620089863788.wav
904,9385153879982018412.wav
270,7157951101463984832.wav
267,5738359408605126720.wav
267,14890353983159140282.wav
264,1484143701775139070.wav
1188,17423969624435553339.wav
419,775243188071521378.wav
13,5551761240467190637.wav
1167,14516731710347132240.wav
956,2767227341205413307.wav
201,6743917969701929646.wav
177,10465981509168032156.wav
722,15426057362936368032.wav
327,15251567193305995929.wav
918,14608474065237740893.wav
698,2374678218734095867.wav
885,1357930989826176500.wav
1183,12898119559655473561.wav
575,12815613329210012500.wav
870,9150181504970725794.wav
213,5406502568769559523.wav
459,13720138241979421494.wav
838,17535875729582367800.wav
789,5403065227900493879.wav
969,5625868785551680383.wav
280,16426927267833432097.wav
802,18094836762797972031.wav
1227,1695546562791960194.wav
48,3467904490431915752.wav
127,6054651697992000128.wav
239,18259612318534558044.wav
1037,17197049744992334136.wav
682,1618775688747354802.wav
48,14540188906568159763.wav
1240,12579604122596153466.wav
1368,601346032145799602.wav
303,11222690659381094480.wav
217,10367965252550828483.wav
873,13890021761768465300.wav
201,14563170116590175564.wav
972,12530969571163622485.wav
1313,6816764285936725048.wav
166,2864791272606201290.wav
252,15948095389146043642.wav
325,1361763371824640050.wav
1461,5670826765063977637.wav
1497,3018668109552142018.wav
644,14557315021444656377.wav
1480,12856857607486877989.wav
721,14482516179186617166.wav
808,3527013513294304365.wav
759,13634000833239709883.wav
646,2271018988007391348.wav
381,16954756909527811912.wav
1273,7812255598647732988.wav
2,6856152643546894329.wav
526,12962315540422588719.wav
492,13242109888158841324.wav
85,7572873423046348537.wav
204,14265198410604808127.wav
467,1380215446931711807.wav
803,2702557639886524968.wav
83,13411316426535086725.wav
499,5752251111504341777.wav
285,14632836068909398245.wav
1313,4759548034247987870.wav
1035,9235605147845807589.wav
883,13517190326948967239.wav
503,15522952584768002426.wav
162,14117752351918733226.wav
889,9516277006479543002.wav
202,11708440415005310225.wav
903,18444827792706701596.wav
1234,3382134574019835028.wav
1180,14234849625335631635.wav
805,11551310577267880087.wav
40,11128614592698533304.wav
70,3349409264211582572.wav
313,7944450049452066083.wav
258,4637336470481331229.wav
271,4491094205734481366.wav
1069,4028960168526474949.wav
889,6828687991292255215.wav
1172,14496507799338654259.wav
135,12765488729635511614.wav
779,15406495117630969825.wav
164,387896325047218908.wav
217,1170698161230201477.wav
399,17766892427973955150.wav
216,1057176370184225501.wav
1462,5087128189451104838.wav
579,8250600638252987710.wav
211,4059706641650993172.wav
29,7670120487282750829.wav
1498,10736614864186373256.wav
815,16534108556236464499.wav
86,5807676347931918583.wav
58,4094687632400494457.wav
1188,14037501718047590212.wav
446,6483075702467325889.wav
692,2909802544104894402.wav
693,1089570751627037583.wav
658,11581652585418144867.wav
232,17087518128014527225.wav
939,4340214729928185358.wav
35,7660638924137383370.wav
47,15130678215926348766.wav
1334,6994224689138551581.wav
1050,16796532598279713593.wav
906,17654576959642982070.wav
386,5351237444899233070.wav
520,15234664193811490092.wav
422,8795247797765861683.wav
443,14856286385451345766.wav
1165,13238933836655126635.wav
1176,17223098173510906976.wav
614,9765792281971486384.wav
1291,9324279044210631924.wav
1107,9642436857713915812.wav
389,15370980409892980643.wav
865,18417424748414657629.wav
1079,4610003036454734298.wav
578,9492612011821192357.wav
382,3180368506415135303.wav
1269,2908356293093287286.wav
595,3645735019484545798.wav
259,12542132004383649875.wav
405,5713350681057181138.wav
646,18071637756600646674.wav
1492,1059898691767041876.wav
853,5179533917140366084.wav
612,9614215235164028939.wav
180,10726367392911538259.wav
851,11783133164532696336.wav
812,18214322284484568652.wav
192,13776303623073633726.wav
147,5495785157999581777.wav
1091,14707522022313387840.wav
391,1362867987684952296.wav
898,11989897820728339797.wav
1174,17943177350138280903.wav
74,6392365739250834090.wav
958,1988454893797136577.wav
845,13506785090117981969.wav
847,1734975135786404097.wav
213,3671515621762758834.wav
897,15488223946892742377.wav
638,100954790283639617.wav
506,16765418840991122502.wav
232,1652940675689428458.wav
609,4582685602622310628.wav
1282,14225316082643130609.wav
97,14623524419050573370.wav
1434,16325966907908155012.wav
960,12307998924863966770.wav
144,5060968456463505350.wav
739,10180162432271905884.wav
750,18189039353231209384.wav
1294,1514415154770720565.wav
1025,2188332404232508049.wav
16,3433917060579109511.wav
787,11613097746730360051.wav
61,13658752323173258619.wav
296,574671866409710333.wav
77,2267681290322772405.wav
1425,16476743353824113867.wav
95,2783154222565679430.wav
1081,3316636211463749391.wav
878,10004352805657441150.wav
673,14931678978231319516.wav
412,1743254284998534127.wav
176,15848199207585242858.wav
469,2965585809139248073.wav
1159,4045700373072348250.wav
361,1450063330573831210.wav
247,17095854366928864413.wav
577,14913045141769818917.wav
412,5730557119841145107.wav
463,16794477452530071752.wav
1486,4526778441292413421.wav
474,14638897720909594572.wav
81,13229902412655643613.wav
727,8755208083127835260.wav
810,14002474877795194130.wav
493,17252320746467144844.wav
280,2283275389245245214.wav
1077,5078715849669040748.wav
545,13474575951591717820.wav
295,17841241117507417073.wav
206,4001978766249508894.wav
627,11722903226996632707.wav
121,14947546416972073508.wav
697,5707202523367634902.wav
1317,2360723780505397408.wav
43,10734601201112102035.wav
717,2282222605342640913.wav
77,13814129872221416419.wav
700,12333480813090007104.wav
1260,9198424664044699456.wav
996,14272504338503319661.wav
871,10171001055925936085.wav
1496,7870337266551152084.wav
272,9246761904340412644.wav
1030,14780013634414262464.wav
251,15780609692775779986.wav
31,352992647948189355.wav
503,14439128668516460660.wav
418,2916834159705007237.wav
1117,12951127922210152793.wav
464,5789047527151227566.wav
221,3726040848592981381.wav
196,3409353065615971420.wav
539,17183354875782826578.wav
309,7312037698206141844.wav
481,10784057942362148656.wav
1432,6642905296973083238.wav
952,7244077673486502856.wav
1008,5313601924842343347.wav
451,14721510868116976888.wav
973,8919835507411338935.wav
878,13289636858665595157.wav
652,7462706148003862053.wav
1336,11626606890407763141.wav
170,5396659918989707979.wav
1341,1932553907877096642.wav
1387,5364926509960280363.wav
1354,3166048592283453516.wav
181,10912641483728438800.wav
1041,4563830698881251918.wav
1114,10069002249297747131.wav
262,3175967435208838439.wav
1162,1031222100113323509.wav
354,17604436881549275314.wav
760,9610339161046552045.wav
480,7762301026003669977.wav
1427,4581477501346010026.wav
1123,15624374002927671180.wav
522,6522995091410963073.wav
429,16723975232074185222.wav
1430,9587123117359861902.wav
537,18061226919306523526.wav
1271,17827301967292215626.wav
1407,4113324314392128866.wav
245,16491775591589252445.wav
565,5456480917776672190.wav
535,15367268462160040315.wav
292,13850606986826237393.wav
234,327708011237149294.wav
1263,4912816005272349559.wav
108,6591805472091842440.wav
371,6284890153942669427.wav
871,7052936751668223891.wav
1226,4923485666002041513.wav
540,8286367955008806254.wav
532,15733319530570709699.wav
716,1797237471191154016.wav
583,5647930712775868100.wav
604,12380623977058865369.wav
148,13094673099364697750.wav
1134,14505453730706435778.wav
1401,17273868768549316988.wav
747,13123560274305573307.wav
179,924339104902245501.wav
1472,15533606547195669108.wav
866,6488636783277231469.wav
1369,15549646734608215801.wav
1330,3136316079514431016.wav
1146,17771240810055992963.wav
733,5498934945493718478.wav
790,16956800789581460990.wav
287,16573028099237256781.wav
551,11049440076490406322.wav
974,8120111715047301745.wav
358,7209581042311812231.wav
1432,6507929751007269712.wav
704,5207470556699138893.wav
611,7170236313145621855.wav
1490,5104301494881189368.wav
156,5454982884205193090.wav
991,17394572583393484519.wav
359,4817863214296789569.wav
1070,15612203018147447008.wav
468,9810370582330433601.wav
1398,1940106460687075514.wav
571,13243601111318698600.wav
894,2849315632437230460.wav
369,13043353386387331768.wav
400,5143574473301007053.wav
210,2080204196685229489.wav
1466,669560483303526996.wav
1200,13568075095725207312.wav
1443,3468608029403502817.wav
1238,1581460038617717233.wav
993,555497026212476377.wav
367,1364306914100608648.wav
694,11990019342770631029.wav
27,4143513286556709809.wav
1175,6112930483241458476.wav
189,5589732594205727897.wav
7,4926920107268726281.wav
869,7813038565301746527.wav
1462,6462625711985074515.wav
1484,3965049165380136624.wav
296,2297516254872483717.wav
123,7635628830151618625.wav
891,560173800037872981.wav
383,9153812948759600771.wav
117,2246429867964646800.wav
242,8618471942730093757.wav
474,3478997544634535350.wav
235,11656272741337264502.wav
1202,10500460467464229183.wav
908,5737364950158344979.wav
483,8145762631469056859.wav
812,14743687966547405298.wav
1481,10584588058600621453.wav
767,16493595311241763198.wav
1003,11731371480637094723.wav
694,15477578170674786137.wav
57,9462889372476356555.wav
1268,15277888283751180094.wav
612,9739868533684559068.wav
374,11271431379813174706.wav
979,8135226246187068666.wav
1388,15657612684741894910.wav
152,13059147701010790202.wav
1032,4378530389615344679.wav
227,12196412129553236742.wav
293,7997225591328969538.wav
197,14725006402060078761.wav
1500,418835861963602601.wav
10,12503008610709109164.wav
139,10206889725747178325.wav
623,16736809578915159772.wav
997,5644299234991523046.wav
616,10288715328824153228.wav
1291,4398196947808214281.wav
1038,15131584588608851591.wav
194,10464853527891356629.wav
176,6472220335541758294.wav
950,17935559276327355396.wav
1426,3551903127137597437.wav
275,11235511387529525003.wav
957,15829132802946199335.wav
304,12784678415539687586.wav
106,5734819237691955536.wav
288,18112092821826111476.wav
1441,5809980844928308470.wav
1180,3423395309170172238.wav
1271,6703085601676420569.wav
504,4648681743079061140.wav
298,5703571726913850639.wav
818,3433234137410123936.wav
1141,17874984214445186726.wav
75,11945431236061038418.wav
1273,12733644433486883087.wav
177,18012756018986016482.wav
931,12328842827192535628.wav
1206,9602348979029735410.wav
214,3593708735406281302.wav
251,893281996443464968.wav
1018,4727546472906161880.wav
913,4559599984987053841.wav
905,13091096596574491869.wav
567,2646927188679330186.wav
360,6346125291379767796.wav
764,15988659400866573960.wav
1185,13387009069905483252.wav
135,15850999589993720953.wav
1247,9889286356887549744.wav
478,801843823175412344.wav
982,1669114208475576520.wav
892,11008192974895343268.wav
1063,8850502201508057067.wav
925,9174452348520263268.wav
1326,15374750285188178725.wav
577,8555724359643705721.wav
1084,14705826798492484100.wav
752,11760735326345345597.wav
377,17202006069930500695.wav
755,16601280971265345505.wav
492,7611831354298290906.wav
810,11259619226157494899.wav
521,8652664054711719562.wav
936,1546139093650319768.wav
780,4904856791103516624.wav
160,3682955230121510550.wav
47,8052591557666262875.wav
660,6931745586706026513.wav
77,7692610673604815510.wav
532,2776694791351282798.wav
854,5212267511884350811.wav
1051,18265404578347802454.wav
1501,344715009549967775.wav
708,17847434326431683085.wav
320,8645473841480688586.wav
855,4397824322029772995.wav
333,6302775572586658151.wav
1508,15717396934878832454.wav
112,7538378597770228483.wav
544,12366179431818418431.wav
165,3065105976241906253.wav
751,13830608109452938316.wav
61,5181841928662477981.wav
183,14608146710643285258.wav
992,464407385943754550.wav
1479,12259656898145130272.wav
222,13581125555202671268.wav
1087,14204212980626317480.wav
1040,1114210712314264501.wav
333,15279421165567820270.wav
128,17965728643645969859.wav
1168,971080188216693812.wav
873,7563301194803342860.wav
180,14514021867715478228.wav
38,17210653745230052343.wav
433,16317011234504335392.wav
246,1493644565934805700.wav
446,13895716657694432435.wav
72,5008393712142513832.wav
239,68560319957544459.wav
426,7901762199709003327.wav
55,14329106586722152609.wav
468,3771685976558581227.wav
1209,6403372340525915770.wav
407,11785183824783188197.wav
1448,16949125559969117142.wav
850,10602005831742583871.wav
1195,17012560168872048592.wav
120,11792511790738005934.wav
106,10354564279831369352.wav
221,10615746416264994027.wav
236,12528381414214740120.wav
1071,12906213534318825430.wav
1284,11844986632180275317.wav
209,9386632357622795954.wav
249,991465754371439037.wav
1388,12227680886691663213.wav
1480,200554632408922906.wav
189,2656016834110414688.wav
668,16970357625283939910.wav
638,8947195889850256004.wav
641,474455686996645405.wav
245,7098311106717133213.wav
480,1093210215151173299.wav
1069,5378004225201365512.wav
36,13015640997449189242.wav
1019,14839717842274922707.wav
1057,7985393292382172163.wav
1350,10928075845228809051.wav
712,13561300222346420795.wav
623,15194042456565153569.wav
1509,15113088549971251869.wav
109,4166203154748086490.wav
1323,2536555399307379942.wav
1364,13187161034894389844.wav
821,16480238842428700566.wav
1253,2179312922580669121.wav
405,7893358844319721467.wav
940,15568639359525394671.wav
1505,13724986740472314346.wav
24,8077266037588964044.wav
1217,10755590174199992702.wav
1444,3606997476064450492.wav
141,16900560726277122524.wav
521,15412960822836746489.wav
729,15760389070108571472.wav
1419,1464943310004967385.wav
1090,7657390542131182275.wav
1019,13093456231560893429.wav
1424,6145133253367330246.wav
436,11321630611951315605.wav
804,18031967915675049012.wav
322,14377505936896572307.wav
1423,11439902655371747791.wav
1169,9954034194165259047.wav
1100,11829059104107994496.wav
203,872544912980784904.wav
1064,9140524822418435864.wav
1045,2866057729598712434.wav
527,13275983689485581396.wav
111,10617619058442193838.wav
23,2625942516585728651.wav
1086,779306867819744869.wav
592,12740591229902360070.wav
1246,6782570392656325558.wav
406,17463180700665064363.wav
241,107486500637246068.wav
1272,2369656624763903817.wav
58,18185186657100988176.wav
150,3925388387536389212.wav
707,17574112177866627761.wav
680,5803372417285634840.wav
1460,4141289353405161451.wav
297,16166553542906057435.wav
326,10591653310267420394.wav
232,2628499131489268487.wav
688,8675550971165985751.wav
80,7000940612193944117.wav
415,3604681659174017655.wav
1231,13871242670482352908.wav
937,17817411349709514685.wav
1002,17746089202636629586.wav
1031,12726837591764468514.wav
222,8694466849806056312.wav
1257,12266910138987490582.wav
839,11476073165937397991.wav
822,14878760846392389048.wav
1289,5589226125255761136.wav
65,134537642647990577.wav
619,16872827038527674059.wav
1412,2674323325920495114.wav
51,12451261994927551836.wav
216,11198765957941397509.wav
44,10087929317788054185.wav
261,5229819084238759435.wav
267,8007336414986802487.wav
666,4425432916753701162.wav
1322,17536769036562016587.wav
432,8281788032439859626.wav
859,3714317639954026748.wav
1364,4254933822537494666.wav
99,207167148152841668.wav
1502,15467524086414589429.wav
618,4636333833048795193.wav
865,2287953599689512020.wav
425,12103442160619483134.wav
63,11783385930600837932.wav
401,14137727560172000154.wav
505,16971297140464565295.wav
1222,14339768853189545872.wav
69,17029627062933198934.wav
505,17487313281162835207.wav
1471,11456994988203414834.wav
1359,2419355345834955317.wav
354,14834639984914807082.wav
105,13715936827492547238.wav
583,2443180396199332250.wav
761,11203325728584276337.wav
872,6753390597995086606.wav
576,2030556774164703565.wav
978,658251379445191237.wav
303,11536275260235297707.wav
1465,10390765409044023280.wav
1507,11066304105554100776.wav
154,6201361668858552875.wav
986,8447919842868031308.wav
634,11670257564819545130.wav
1373,4516319616749547567.wav
1075,15507949964545622156.wav
838,2812936911177550102.wav
1507,5501124956466653036.wav
308,632771754233474199.wav
390,13002757402323185656.wav
1418,7111935257430283801.wav
60,17709852659882336420.wav
317,11395851721389354898.wav
271,4741546191318246737.wav
853,4965446260809257540.wav
983,3411560071833840077.wav
550,14118155670768250568.wav
766,8729827443078180774.wav
305,9877677353349169311.wav
1352,15278292086717855582.wav
1250,8774067689939706551.wav
111,2331006943614794072.wav
155,13579367169885933991.wav
23,12234794289633569828.wav
259,1591643926231167021.wav
415,14362844661651406472.wav
1295,189744574311923933.wav
1211,14900856067196693042.wav
1039,14291627732896679308.wav
998,2196978637176970398.wav
211,3465188134777544360.wav
582,15491099077084652199.wav
921,4267874833894081226.wav
1126,5621263036450302087.wav
202,7024558442219600414.wav
1482,13952030266416789834.wav
716,11207542377077404891.wav
1026,10727588568634762085.wav
95,3212592420828627700.wav
987,3103064672732798279.wav
1505,13766339145298829924.wav
514,6556559239161339295.wav
319,3689942434989561056.wav
1356,7414296624205271121.wav
1160,5425004314917627622.wav
705,18269002883597329404.wav
251,14447817705109786052.wav
701,14139696292157091818.wav
736,7587294570674816453.wav
665,11659968681307709804.wav
105,15369609740080545074.wav
490,14869085237991004492.wav
917,2529624614404478459.wav
424,3278783347045768776.wav
645,1742254385238455168.wav
1093,14856222526637514960.wav
57,7422767089230346741.wav
428,15707412802105451069.wav
427,380303602118368373.wav
1247,396560263487196139.wav
1005,4199021090814902029.wav
552,14886802850321899765.wav
825,4055502228612018456.wav
857,6958328645060373207.wav
1034,17272139074906520446.wav
1049,5538511833164962377.wav
1281,14555079290349866863.wav
1284,6773504129054389832.wav
1072,562592827952331933.wav
801,16042517557612032849.wav
209,822988501001393350.wav
1479,16657922290300040485.wav
110,493843849775582256.wav
12,9168289169052904590.wav
107,8608774880874477699.wav
1056,8331177472821018635.wav
982,511167072764276171.wav
655,13795033021574510393.wav
556,12012384265407951743.wav
835,6764831923139691356.wav
1365,12859282508517796998.wav
235,7328244806913075439.wav
340,5815109196382704272.wav
807,5054012102817061024.wav
308,8889393008940921462.wav
1155,9513755548590556147.wav
253,16179928518427937622.wav
661,7224102231867035080.wav
472,7270163284936844470.wav
586,1718047991636617316.wav
803,9803866681078488024.wav
845,8883363156927006454.wav
386,6427613560654090827.wav
156,16597648070182748255.wav
471,9751795118095475714.wav
620,9587609792665941026.wav
976,7050338914909296860.wav
744,7066061765571083734.wav
338,9527119950047025053.wav
305,12409101667674570171.wav
157,7625273538430372083.wav
1127,8010764334108128947.wav
86,17886316152623188546.wav
729,8718349473735049229.wav
1463,14273909460541410329.wav
271,11365198053478980345.wav
215,5719838788803329135.wav
191,747756728195344791.wav
376,3732957408699157000.wav
1481,9358016966549849456.wav
1022,18268321234355312995.wav
1465,17976023434382314718.wav
265,16441855883750840907.wav
296,748057330810866403.wav
423,150701905351701862.wav
971,8673486335997646698.wav
317,13325757136071303383.wav
192,8731890610493867997.wav
995,18015300770786377393.wav
133,12187063547909770290.wav
375,346679654159026031.wav
370,2440259375657916291.wav
104,553367805824873683.wav
165,869946749539832198.wav
310,1110401556899428846.wav
1142,9508365132000125584.wav
130,16632456750663274885.wav
943,18079883413231197328.wav
1036,10563560540481432816.wav
1280,6258376263527134090.wav
208,8917344336673371391.wav
790,14661861656397185645.wav
433,13619436709452911949.wav
1221,12183996446113310845.wav
875,1381999215274908746.wav
699,12583743963164434052.wav
1407,3891767835362602047.wav
329,9224303123008844795.wav
1353,12631746518885460426.wav
1360,15900219020386786217.wav
188,15861463057210378414.wav
1375,5397805057921825234.wav
1216,968825116518219752.wav
186,8323175623540988083.wav
388,11416966239420867140.wav
1332,14559427820786755594.wav
188,12370912128718340596.wav
255,8125378252184186197.wav
117,8799810641321828129.wav
944,16084071741667109577.wav
932,4560423379419638208.wav
1255,2720458564327284051.wav
1178,4910120124816167049.wav
276,16116280738644785014.wav
184,12129893307603480552.wav
450,16120836982712063313.wav
273,4193017970942239591.wav
531,14354679475278902486.wav
237,15324071691388667670.wav
745,980424954094486926.wav
908,3301395939090927123.wav
1008,603851082661864052.wav
216,7676337403665487902.wav
119,1753617369124373953.wav
6,14640939137691888139.wav
36,11448449567364927942.wav
827,7115863669037203625.wav
1120,8377201441325966902.wav
263,16798257901919397923.wav
159,11880197536051750178.wav
917,10537583002719784003.wav
689,3794931204053749023.wav
30,13809628381104449623.wav
1029,18241436861722875392.wav
357,11192428961175436588.wav
992,14676142337246763068.wav
1035,17162295668459562743.wav
40,7338687055118271942.wav
606,4378204963491179852.wav
1498,1203584794549734349.wav
746,13359648102075421452.wav
300,879705356372397022.wav
357,6850634688853051193.wav
470,5860599763191684739.wav
618,10466929403719148150.wav
588,16623304182832451176.wav
1286,5170083761386083196.wav
559,3755330165676274474.wav
351,7095422658921391124.wav
1473,7914712768810718693.wav
672,1250175032602209730.wav
161,14454249345947402296.wav
113,11079296472220145036.wav
826,6791654207458640119.wav
1449,9573740204100226236.wav
285,10381721730913325040.wav
849,422473947775529887.wav
855,9413740483499783762.wav
1102,17159556225044768570.wav
1044,12252920678657807790.wav
704,9420925945169538588.wav
946,18278068345599656804.wav
227,823848952994343892.wav
1124,16523902500082170150.wav
954,8311040536588846344.wav
352,5178830680205418878.wav
1239,9797064414253248977.wav
1320,3632357800374527373.wav
200,13841125906073865653.wav
761,3094330983239285257.wav
1475,4613717708857748497.wav
1422,4148001648362458706.wav
680,16462535375263742765.wav
66,15512245424237490353.wav
753,16524531224463762408.wav
851,17286597868725648272.wav
846,11424023009123729372.wav
1138,17385916642104553234.wav
1400,976475783456701486.wav
806,13805881089737573898.wav
1431,13061900685109332993.wav
724,1053549682598410950.wav
158,11531691988860934410.wav
244,15416597761539637092.wav
945,2906653100756912198.wav
1089,13684348708541035526.wav
9,10905679642846589158.wav
1220,2863192728365703469.wav
675,15719759588782887939.wav
994,4985398413102474486.wav
175,8882669241659818438.wav
135,8974313567830385458.wav
553,11383518150354098492.wav
1115,15165467947509722020.wav
574,17657484672378084692.wav
1252,4011173553630126328.wav
894,17978914261143724433.wav
771,7323558624315655127.wav
732,5219969129691893083.wav
899,14900391199169063995.wav
1328,18195681716276447856.wav
723,2889153000428265891.wav
226,9242898990783477975.wav
683,2498389345945959233.wav
610,17233412093154270284.wav
34,10242503810131632025.wav
1114,4603145372289808159.wav
630,9582661530574117961.wav
1103,9981303743156244805.wav
328,10337040876040179754.wav
1130,3757614687442580715.wav
888,968021153221106650.wav
1212,367678717874296646.wav
763,1825267897591351787.wav
869,12797516462913537489.wav
1332,11793872983838636959.wav
189,4581212598368816857.wav
218,412681048215667520.wav
109,17584701843863749540.wav
665,9948431552100623203.wav
677,4329729268146580152.wav
174,12825944537357523978.wav
827,11017843910125018420.wav
143,13010074221497667146.wav
1190,15078721831905765316.wav
324,386055239303430479.wav
933,13175458800477568504.wav
250,11004127910639022413.wav
1429,13726919988327556725.wav
1144,12192024912571700708.wav
397,17656249431925368765.wav
236,4521340346763119142.wav
796,88810389215050712.wav
515,4537094689084602987.wav
321,13890320133561229770.wav
273,4229049225906891566.wav
1123,8061241848594191585.wav
324,413073048969560613.wav
40,6623962425068059596.wav
1489,12467279617766768818.wav
1353,16136117688491445937.wav
689,5546105342755568708.wav
627,9393615263618600423.wav
603,9724663164105908832.wav
658,8432374096390998524.wav
1301,12730831003727536152.wav
907,12922123106997337292.wav
881,5856942757172775499.wav
434,9279638074989545119.wav
243,2481313103791115035.wav
1042,9414671242508141034.wav
397,7830739248129595555.wav
915,15383346737249113373.wav
136,3343937454059267137.wav
32,7471665107982842801.wav
919,7213465429685002330.wav
1506,15175091465019713027.wav
1034,16271305096811459169.wav
705,15317728347070224113.wav
720,1987220180246719040.wav
1296,11834470431475239661.wav
164,63610414263688620.wav
131,6854306351716803901.wav
462,12456744442706305333.wav
981,14755449039472430832.wav
1386,14717965572950932629.wav
276,10522530857448995867.wav
1382,14370313431782347700.wav
1130,5330098936382152457.wav
962,5500589831509124848.wav
902,12352818802058927099.wav
1316,13024628033034738627.wav
654,5034851265671855074.wav
1225,14369090535697215070.wav
743,4395132020709411786.wav
1248,1637774970895566240.wav
791,5755581953013743029.wav
539,17075828119296654345.wav
783,800834350592604730.wav
518,15821672582882974256.wav
519,6026929481420650940.wav
1000,12551478098391199044.wav
616,13683893214840599419.wav
1098,9850234149444576113.wav
477,10908830538134285575.wav
309,1400535918986051576.wav
887,13954763855167381084.wav
217,4702897339226911248.wav
128,1338127204665724585.wav
1192,16655123912541751704.wav
1032,1427770941490833932.wav
1116,3872401853587795389.wav
667,17381921500813604335.wav
984,7350177960115330085.wav
739,11596663770023771225.wav
924,1522965860170873209.wav
572,8780054664764930584.wav
1181,11185492896337868489.wav
1053,703419725977833602.wav
1452,14263125812300588774.wav
212,15389394019635839686.wav
1136,5283659163181210163.wav
87,3138650189573327106.wav
102,9124924182780835213.wav
311,16474587720517237137.wav
312,9547398084417347740.wav
842,13286715343265916682.wav
198,14201101998707770495.wav
15,13096036689263478058.wav
613,11174067393313264657.wav
797,8837917752444708029.wav
219,2431674040240362545.wav
509,6696391746409035395.wav
1329,18187925399357302431.wav
233,9289644015264656556.wav
45,662897409149963041.wav
909,8448097703378292600.wav
1351,18183276620866006546.wav
1372,13278242053699360755.wav
942,13600707351993625137.wav
230,13472123952370704425.wav
307,12684028276943577399.wav
786,2467299547330559674.wav
700,9331872035991746999.wav
1202,135286634408928421.wav
517,6449640979735277284.wav
1350,9942123280049713423.wav
1078,14913154772786890339.wav
916,2204524277864585878.wav
178,8176049386746581682.wav
44,4245964701181788105.wav
449,10269283487323104014.wav
1105,6470870346704900639.wav
184,17377860078708932576.wav
528,17315424324938111668.wav
607,15249261334931697086.wav
1193,9808138846166331344.wav
883,12722791017781882580.wav
951,307258341333657622.wav
24,7792550579248920639.wav
48,15219934964224830799.wav
1471,7704728922634411173.wav
929,9644614242996974349.wav
1319,4185367447801682090.wav
383,13956767170080664132.wav
1024,7784785801129172894.wav
347,8989616436421396252.wav
181,6571689914084627597.wav
1250,3444295812181184851.wav
142,17395682766431477146.wav
49,8371189321928816046.wav
1285,3020957842532976376.wav
977,8641435208255870769.wav
116,16935863547853854110.wav
1197,4459109731368450414.wav
99,4641882432954306932.wav
438,12597311771647932665.wav
441,13641287990886414901.wav
650,11380590836702541474.wav
795,13499231938589771157.wav
96,6307239601295512753.wav
710,16858030639075355071.wav
939,7640636849146366960.wav
874,10960165080206780646.wav
573,3352927986328545978.wav
915,16826314222919851764.wav
1340,9879477034433706864.wav
301,1464586347336349901.wav
786,18123507383565399366.wav
301,5428662158328300841.wav
342,9744760970352287765.wav
1131,18365031344835108339.wav
1385,16126168829974642681.wav
1099,5315424360975339357.wav
472,6675877873046788064.wav
1152,11208836743691070019.wav
914,11190534918656508445.wav
190,7124706758717498315.wav
1361,11515651207715607829.wav
949,17846543802715472300.wav
972,17206610774535294576.wav
225,17991941864741742240.wav
1492,5196062170854629485.wav
820,6202455214594516751.wav
896,12352607087664944660.wav
550,8624673298582506835.wav
43,13665982001774901965.wav
708,17859181792155296895.wav
1290,704642227395864430.wav
946,7876188625972457435.wav
187,7209164690851305896.wav
535,6666349829523808501.wav
1068,6741741437271787151.wav
471,13807030768373590872.wav
230,1188270615674757246.wav
33,5963400369732396577.wav
1132,15310555938780879949.wav
118,74429175518542421.wav
890,3894710151460512133.wav
1233,15498292298260353791.wav
349,11404806353074207236.wav
1120,1606609407363396568.wav
1113,13176915283460521327.wav
678,9696046233282169898.wav
1020,14112739914289648294.wav
182,5050310628337440893.wav
208,11233208765970949160.wav
384,11855162625985464067.wav
941,14487563157400636470.wav
1278,2714732293613558079.wav
157,16703332188237128178.wav
1060,3505724798139480979.wav
265,3024043582271721630.wav
622,15384343231800486307.wav
1222,6424052207173716015.wav
1324,10998039398279060532.wav
53,7151034722318747754.wav
323,10658385912187651219.wav
1084,9211662312583649727.wav
237,7278826820675307617.wav
1437,2912485499859960648.wav
139,16475448275256067506.wav
115,7616410680811417782.wav
731,6874735071473965776.wav
748,6904330265447664146.wav
679,2021020680458588689.wav
592,8651612942431183099.wav
1390,8134779631367176384.wav
738,15277465914179937540.wav
375,801987138418242179.wav
1059,1008283153221811778.wav
578,17500030344815035704.wav
731,15016117963769881890.wav
1283,5640225644333937256.wav
669,16639802343622626534.wav
1309,3999475786804674179.wav
682,3728155340624121415.wav
975,6532312374535610972.wav
541,8450936585120585160.wav
455,5258761535276414527.wav
1243,14336485498950776667.wav
240,17755855223780240037.wav
3,10746175351478445501.wav
1501,5992556302351121487.wav
401,16466852569809120936.wav
684,7256201463826994314.wav
42,13697750680074494225.wav
363,3087617936986083843.wav
1039,9931407323939133309.wav
683,1888871929372545336.wav
1028,3449846311964116280.wav
1436,15182357467325809883.wav
590,17555911575315619902.wav
1108,11660602028645080526.wav
500,12034473635839573610.wav
453,8665236087244698140.wav
828,4917587051907994782.wav
775,3877596536811882239.wav
952,18107845374404437247.wav
620,16445927761896122149.wav
602,5123337742538924762.wav
613,17786934782292584494.wav
98,12893329318965026279.wav
122,592795450261176812.wav
834,17190475242341526979.wav
741,3499184387619358486.wav
854,154624868070040252.wav
1193,12951437812022494855.wav
440,12247718893095154957.wav
1393,3400526139239182978.wav
888,15744137343173788612.wav
304,15134189459256277074.wav
62,2688698883611438470.wav
163,3371874582463322815.wav
882,16468468098004080220.wav
1033,2048212795610295658.wav
331,12793756122860182721.wav
206,4015108923132188908.wav
1240,1514798887347046025.wav
95,3658067029936177582.wav
757,3307844612098385198.wav
252,16302469743542064230.wav
184,380350933334089707.wav
454,15475462505484807070.wav
1229,7464745793654817370.wav
741,61808264843612222.wav
573,1409858798989280756.wav
1083,2579360466509201683.wav
155,3500162555882620316.wav
1207,14570945135089304984.wav
169,2230423018119643580.wav
1066,5595921657662219075.wav
863,17523505727707496167.wav
171,5001204985921772968.wav
562,11614425881341593762.wav
371,16106122551455125082.wav
97,16932218359396801550.wav
27,12745076848386415487.wav
445,18173922720081295549.wav
664,2672953834047658553.wav
71,15543978174866516378.wav
641,6768534985684611817.wav
681,8981094314724133583.wav
52,11960483032099329331.wav
97,11598054709987123265.wav
830,707726637024456845.wav
504,18305096600824249938.wav
1213,3567485633050290203.wav
463,7828177152789669099.wav
985,5887640645946009493.wav
344,14298381840471700896.wav
1476,15696489161406036989.wav
1196,14660903266503848540.wav
1372,18329947793510401909.wav
1053,17552552802211555693.wav
876,16875281192427828411.wav
568,10937195643845860071.wav
109,6254371455062412265.wav
4,3131019458795186591.wav
837,7807352203354931810.wav
670,11608160607127738587.wav
294,14860688936540717162.wav
143,827416481401173608.wav
839,66155109410850226.wav
1072,16454609819661162257.wav
159,17224629223896611506.wav
373,200013452847461103.wav
1289,15866358289686467190.wav
151,1855796972263253119.wav
1371,15599271244229880524.wav
1488,6027783569814545176.wav
260,3667140775239489547.wav
1060,12892723246840945765.wav
598,6470628156831519022.wav
378,8050885346198601968.wav
976,12584941216456882445.wav
226,12947866427130888304.wav
649,1779737416085370010.wav
274,13875262066271645824.wav
1409,1080529654531161284.wav
21,9637416424552232947.wav
963,5523256313463422875.wav
420,14353293748001950281.wav
1017,7620792580497122959.wav
